-- phpMyAdmin SQL Dump
-- version 4.0.10deb1
-- http://www.phpmyadmin.net
--
-- Inang: localhost
-- Waktu pembuatan: 08 Apr 2019 pada 12.44
-- Versi Server: 5.5.44-0ubuntu0.14.04.1-log
-- Versi PHP: 5.5.9-1ubuntu4.11

SET SQL_MODE = "NO_AUTO_VALUE_ON_ZERO";
SET time_zone = "+00:00";


/*!40101 SET @OLD_CHARACTER_SET_CLIENT=@@CHARACTER_SET_CLIENT */;
/*!40101 SET @OLD_CHARACTER_SET_RESULTS=@@CHARACTER_SET_RESULTS */;
/*!40101 SET @OLD_COLLATION_CONNECTION=@@COLLATION_CONNECTION */;
/*!40101 SET NAMES utf8 */;

--
-- Basis data: `ecocare2`
--

-- --------------------------------------------------------

--
-- Struktur dari tabel `activiti_log`
--

CREATE TABLE IF NOT EXISTS `activiti_log` (
  `activiti_log_id` int(11) NOT NULL AUTO_INCREMENT,
  `action` text NOT NULL,
  `ip_address` varchar(30) NOT NULL,
  `creation_date` timestamp NOT NULL DEFAULT CURRENT_TIMESTAMP ON UPDATE CURRENT_TIMESTAMP,
  `created_by` char(5) NOT NULL,
  PRIMARY KEY (`activiti_log_id`)
) ENGINE=MyISAM  DEFAULT CHARSET=latin1 AUTO_INCREMENT=469 ;

--
-- Dumping data untuk tabel `activiti_log`
--

INSERT INTO `activiti_log` (`activiti_log_id`, `action`, `ip_address`, `creation_date`, `created_by`) VALUES
(1, 'Setting Privileges ID 1', '139.194.21.49', '2019-02-24 14:22:19', '1'),
(2, 'Setting Privileges ID 1', '139.194.21.49', '2019-02-24 14:22:22', '1'),
(3, 'Setting Privileges ID 1', '139.194.21.49', '2019-02-24 14:22:25', '1'),
(4, 'Create Product ECO SANITIZER MS 600', '114.124.173.31', '2019-02-25 04:23:18', '1'),
(5, 'Create Product ECO SANITIZER NEW', '114.124.173.31', '2019-02-25 04:23:38', '1'),
(6, 'Create Product ECO DIGITAL SANITIZER NEW', '114.124.173.31', '2019-02-25 04:24:54', '1'),
(7, 'Create Product ECO DIGITAL SANITIZER COAT PLATED', '114.124.173.31', '2019-02-25 04:25:11', '1'),
(8, 'Create Product ECO DIGITAL SANITIZER WHITE', '114.124.173.31', '2019-02-25 04:42:56', '1'),
(9, 'Create Product ECO AIR FRESHENER', '114.124.173.31', '2019-02-25 04:43:22', '1'),
(10, 'Create Product ECO AIR FRESHENER COAT PLATED', '114.124.173.31', '2019-02-25 04:43:38', '1'),
(11, 'Create Product ECO AIR FRESHENER AZ 1128', '114.124.173.31', '2019-02-25 04:43:59', '1'),
(12, 'Create Product ECOZONE', '114.124.173.31', '2019-02-25 04:44:15', '1'),
(13, 'Create Product ECO AEROSOL LCD 6 CANS', '114.124.173.31', '2019-02-25 04:49:54', '1'),
(14, 'Create Product ECO AEROSOL LCD 12 CANS', '114.124.173.31', '2019-02-25 04:50:32', '1'),
(15, 'Create Product ECO AEROSOL MICROBUS LCD', '114.124.173.31', '2019-02-25 04:50:58', '1'),
(16, 'Create Product ECO AEROSOL LCD AZ 570', '114.124.173.31', '2019-02-25 04:54:26', '1'),
(17, 'Create Product ECO AEROSOL LCD KENARI', '114.124.173.31', '2019-02-25 04:54:43', '1'),
(18, 'Create Product ECO AEROSOL LCD 330', '114.124.173.31', '2019-02-25 04:54:58', '1'),
(19, 'Create Product ECO AEROSOL LCD BIRU', '114.124.173.31', '2019-02-25 04:55:15', '1'),
(20, 'Create Product ECO SOAP DISPENSER 800 ', '114.124.173.31', '2019-02-25 04:55:34', '1'),
(21, 'Create Product ECO SOAP DISPENSER 1000 ', '114.124.173.31', '2019-02-25 04:55:50', '1'),
(22, 'Create Product ECO SMART SOAP', '114.124.173.31', '2019-02-25 04:56:06', '1'),
(23, 'Create Product ECO SOAP KENARI / TODINI', '114.124.173.31', '2019-02-25 04:56:25', '1'),
(24, 'Create Product ECO SOAP DISPENSER DIGITAL', '114.124.173.31', '2019-02-25 04:56:50', '1'),
(25, 'Create Product ECO SOAP DISPENSER CROM / SILVER', '114.124.173.31', '2019-02-25 04:57:07', '1'),
(26, 'Create Product ECO SOAP DISPENSER BLOSOM', '114.124.173.31', '2019-02-25 04:57:33', '1'),
(27, 'Create Product ECO WATER BASE', '114.124.173.31', '2019-02-25 04:59:02', '1'),
(28, 'Create Product ECO HAND DRYER BLOSOM', '114.124.173.31', '2019-02-25 04:59:18', '1'),
(29, 'Create Product ECO HAND DRYER AZ', '114.124.173.31', '2019-02-25 04:59:36', '1'),
(30, 'Create Product ECO HAND DRYER DUAL AIR JET SPEED', '114.124.173.31', '2019-02-25 04:59:55', '1'),
(31, 'Create Product ECO HAND DRYER COFFEE MAKER', '114.124.173.31', '2019-02-25 05:00:20', '1'),
(32, 'Create Product ECO HAND DAILY ESSENTIAL JET SPEED', '114.124.173.31', '2019-02-25 05:00:43', '1'),
(33, 'Create Product ECO HAND DRYER OSTECH', '114.124.173.31', '2019-02-25 05:00:55', '1'),
(34, 'Create Product ECO HAND DRYER TKUSI', '114.124.173.31', '2019-02-25 05:01:15', '1'),
(35, 'Create Product ECO HAND DRYER SIEMENS', '114.124.173.31', '2019-02-25 05:02:12', '1'),
(36, 'Create Product ECO HAND DRYER MINI', '114.124.173.31', '2019-02-25 05:02:26', '1'),
(37, 'Create Product ECO HAND DRYER CELUB', '114.124.173.31', '2019-02-25 05:02:43', '1'),
(38, 'Create Product ECO DIGITAL DISPENSER NEW', '114.124.173.31', '2019-02-25 05:03:09', '1'),
(39, 'Create Product ECO SANITARY BIN', '114.124.141.30', '2019-02-25 16:22:04', '1'),
(40, 'Create Product ECO SANITARY BIN DIGITAL', '114.124.141.30', '2019-02-25 16:22:39', '1'),
(41, 'Create Product ECO SANITARY BIN DIGITAL', '114.124.141.30', '2019-02-25 16:27:43', '1'),
(42, 'Delete Product With Id 38', '114.124.137.31', '2019-02-25 23:53:01', '1'),
(43, 'Create Product ECO MULTIFOLD DISPENSER', '114.124.137.31', '2019-02-25 23:53:52', '1'),
(44, 'Create Product ECO TISSUE DISPENSER', '114.124.137.31', '2019-02-25 23:54:10', '1'),
(45, 'Create Product ECO TISSUE DISPENSER DIGITAL', '114.124.137.31', '2019-02-25 23:57:02', '1'),
(46, 'Create Product ECO HAND TOWEL', '114.124.137.31', '2019-02-25 23:57:41', '1'),
(47, 'Create Product ECO MULTIFOLD BLUE MINI', '114.124.137.31', '2019-02-25 23:58:10', '1'),
(48, 'Create Product EDM 60X90 ', '114.124.137.31', '2019-02-26 00:06:43', '1'),
(49, 'Create Product EDM 90X150 ', '114.124.137.31', '2019-02-26 00:07:01', '1'),
(50, 'Create Product EDM 120X180 ', '114.124.137.31', '2019-02-26 00:07:21', '1'),
(51, 'Create Product EDM 120X240 ', '114.124.137.31', '2019-02-26 00:07:38', '1'),
(52, 'Create Product EDM 100x300 Green', '114.124.137.31', '2019-02-26 00:07:57', '1'),
(53, 'Create Product FALL THRU RED UNBACKED ED 11MM', '114.124.137.31', '2019-02-26 00:08:21', '1'),
(54, 'Create Product FALL THRU BURGUNDY BACKED LM 12MM', '114.124.137.31', '2019-02-26 00:08:39', '1'),
(55, 'Create Product FALL THRU RED BACKED LM 12MM', '114.124.137.31', '2019-02-26 00:08:59', '1'),
(56, 'Create Product ECO FOAM SOAP DISPENSER', '114.124.137.31', '2019-02-26 00:09:53', '1'),
(57, 'Create Product ECO SMART FOAM', '114.124.137.31', '2019-02-26 00:10:11', '1'),
(58, 'Create Product ECO FOAM SOAP 650', '114.124.137.31', '2019-02-26 00:28:22', '1'),
(59, 'Create Product ECO FOAM CHROME COAT PLATED', '114.124.137.31', '2019-02-26 00:28:42', '1'),
(60, 'Create Product ECO AUTO SOAP', '114.124.137.31', '2019-02-26 00:29:15', '1'),
(61, 'Create Product ECO SEAT CLEANER', '114.124.137.31', '2019-02-26 00:30:56', '1'),
(62, 'Create Product ECO HAND SANITIZER', '114.124.137.31', '2019-02-26 00:31:15', '1'),
(63, 'Create Product ECO AUTO FLUSH', '114.124.137.31', '2019-02-26 00:31:31', '1'),
(64, 'Create Product AEROSOL ', '114.124.137.31', '2019-02-26 00:38:09', '1'),
(65, 'Create Product PERFUME ', '114.124.137.31', '2019-02-26 00:38:46', '1'),
(66, 'Create Product WATER BASE', '114.124.137.31', '2019-02-26 00:40:15', '1'),
(67, 'Create Product HAND SOAP', '114.124.137.31', '2019-02-26 00:40:41', '1'),
(68, 'Create Product SHAMPOO ', '114.124.137.31', '2019-02-26 00:41:11', '1'),
(69, 'Create Product SANITIZER  ', '114.124.137.31', '2019-02-26 00:41:33', '1'),
(70, 'Create Product SANITACT & SEAT CLEANER', '114.124.137.31', '2019-02-26 00:42:15', '1'),
(71, 'Create Product QC', '114.124.137.31', '2019-02-26 00:42:35', '1'),
(72, 'Create Product BATERAI', '114.124.137.31', '2019-02-26 00:42:56', '1'),
(73, 'Create Product TISSUE', '114.124.137.31', '2019-02-26 00:43:23', '1'),
(74, 'Create Product EMANATOR', '114.124.137.31', '2019-02-26 00:43:56', '1'),
(75, 'Create Package ECO SANITIZER MS 600', '182.0.133.99', '2019-02-27 08:28:53', '1'),
(76, 'Create Package ECO SANITIZER NEW', '182.0.133.99', '2019-02-27 08:29:28', '1'),
(77, 'Create Package ECO DIGITAL SANITIZER NEW', '182.0.133.99', '2019-02-27 08:30:46', '1'),
(78, 'Update Package ECO DIGITAL SANITIZER NEW', '182.0.133.99', '2019-02-27 08:34:16', '1'),
(79, 'Update Package ECO DIGITAL SANITIZER NEW', '182.0.133.99', '2019-02-27 08:34:55', '1'),
(80, 'Create Package ECO DIGITAL SANITIZER COAT PLATED', '182.0.133.99', '2019-02-27 08:37:12', '1'),
(81, 'Create Package ECO DIGITAL SANITIZER WHITE', '182.0.133.99', '2019-02-27 08:41:01', '1'),
(82, 'Create Package ECO AIR FRESHENER', '182.0.133.99', '2019-02-27 08:43:35', '1'),
(83, 'Create Package ECO AIR FRESHENER COAT PLATED', '182.0.133.99', '2019-02-27 08:45:06', '1'),
(84, 'Create Package ECO AIR FRESHENER AZ 1128', '182.0.133.99', '2019-02-27 08:47:25', '1'),
(85, 'Create Package ECO AEROSOL LCD 6 CANS', '114.124.206.231', '2019-03-01 07:06:28', '1'),
(86, 'Create Package ECO AEROSOL LCD 12 CANS', '114.124.206.231', '2019-03-01 07:07:06', '1'),
(87, 'Update Package ECO AEROSOL LCD 12 CANS', '114.124.206.231', '2019-03-01 07:13:58', '1'),
(88, 'Create Package ECO AEROSOL LCD 12 CANS', '114.124.206.231', '2019-03-01 07:19:07', '1'),
(89, 'Create Product ECO AEROSOL MICROBUS LCD 6 CANS', '114.124.206.231', '2019-03-01 07:22:19', '1'),
(90, 'Create Product ECO AEROSOL MICROBUS LCD 12 CANS', '114.124.206.231', '2019-03-01 07:22:38', '1'),
(91, 'Create Package ECO AEROSOL MICROBUS LCD 6 CANS', '114.124.206.231', '2019-03-01 07:24:22', '1'),
(92, 'Create Package ECO AEROSOL MICROBUS LCD 12 CANS', '114.124.206.231', '2019-03-01 07:25:19', '1'),
(93, 'Create Package ECO SOAP DISPENSER 800 ', '114.124.206.231', '2019-03-01 07:26:30', '1'),
(94, 'Create Package ECO SOAP DISPENSER 1000 ', '114.124.206.231', '2019-03-01 07:29:47', '1'),
(95, 'Create Package ECO SMART SOAP', '114.124.206.231', '2019-03-01 07:31:37', '1'),
(96, 'Create Package ECO SOAP DISPENSER DIGITAL', '114.124.206.231', '2019-03-01 07:35:03', '1'),
(97, 'Create Package ECO SOAP DISPENSER CROM / SILVER', '114.124.206.231', '2019-03-01 07:37:09', '1'),
(98, 'Create Package ECO SOAP DISPENSER BLOSOM', '114.124.206.231', '2019-03-01 07:37:54', '1'),
(99, 'Change Product ECO WATER BASE 6 CANS', '114.124.206.231', '2019-03-01 08:00:39', '1'),
(100, 'Create Product ECO WATER BASE 12 CANS', '114.124.206.231', '2019-03-01 08:00:56', '1'),
(101, 'Change Product ECO WATER BASE 6 CANS', '114.124.206.231', '2019-03-01 08:02:49', '1'),
(102, 'Create Package ECO WATER BASE 6 CANS', '114.124.206.231', '2019-03-01 08:04:45', '1'),
(103, 'Create Package ECO WATER BASE 12 CANS', '114.124.206.231', '2019-03-01 08:06:04', '1'),
(104, 'Create Package ECO DIGITAL DISPENSER NEW ', '114.124.206.231', '2019-03-01 08:10:49', '1'),
(105, 'Create Product FOAM SOAP  ', '114.124.206.231', '2019-03-01 08:13:15', '1'),
(106, 'Create Package ECO FOAM SOAP DISPENSER', '114.124.206.231', '2019-03-01 08:14:29', '1'),
(107, 'Create Package ECO SMART FOAM', '114.124.206.231', '2019-03-01 08:15:08', '1'),
(108, 'Create Package ECO FOAM SOAP 650', '114.124.206.231', '2019-03-01 08:16:16', '1'),
(109, 'Create Package ECO FOAM CHROME COAT PLATED', '114.124.206.231', '2019-03-01 08:17:30', '1'),
(110, 'Create Package ECO AUTO SOAP', '114.124.206.231', '2019-03-01 08:18:09', '1'),
(111, 'Create Product TOILET SEAT CLENER', '114.124.206.231', '2019-03-01 08:18:43', '1'),
(112, 'Create Package ECO SEAT CLEANER', '114.124.206.231', '2019-03-01 08:19:33', '1'),
(113, 'Create Product HAND SANITIZER  ', '114.124.206.231', '2019-03-01 08:20:12', '1'),
(114, 'Create Package ECO HAND SANITIZER', '114.124.206.231', '2019-03-01 08:21:07', '1'),
(115, 'Create New Branch BCC', '114.124.172.174', '2019-03-19 07:23:33', '1'),
(116, 'Add New Customer PT MAHATI KARAWANG FOR TELAGA RESTO ', '114.124.172.174', '2019-03-19 07:32:28', '1'),
(117, 'Add New Customer 307', '114.124.172.174', '2019-03-19 07:33:43', '1'),
(118, 'Add New Customer 19', '139.194.21.32', '2019-03-19 07:43:47', '1'),
(119, 'Add New Customer 11', '114.124.172.174', '2019-03-19 07:51:34', '1'),
(120, 'Edit Customer 11', '114.124.172.174', '2019-03-19 07:51:52', '1'),
(121, 'Add New Customer 12', '114.124.172.174', '2019-03-19 07:52:08', '1'),
(122, 'Add New Customer 13', '114.124.172.174', '2019-03-19 07:57:29', '1'),
(123, 'Add New Customer 14', '114.124.172.174', '2019-03-19 07:58:48', '1'),
(124, 'Add New Customer 15', '114.124.172.174', '2019-03-19 07:59:19', '1'),
(125, 'Edit Customer PT. MALIGI PERMATA INDUSTRIAL ESTATE ', '114.124.172.174', '2019-03-19 08:00:09', '1'),
(126, 'Add New Customer 16', '114.124.172.174', '2019-03-19 08:01:16', '1'),
(127, 'Add New Customer 17', '114.124.172.174', '2019-03-19 08:01:47', '1'),
(128, 'Add New Customer 18', '114.124.172.174', '2019-03-19 08:02:02', '1'),
(129, 'Add New Customer 19', '114.124.172.174', '2019-03-19 08:02:22', '1'),
(130, 'Add New Customer 20', '114.124.172.174', '2019-03-19 08:02:37', '1'),
(131, 'Add New Customer 21', '114.124.172.174', '2019-03-19 08:05:22', '1'),
(132, 'Add New Customer 22', '114.124.172.174', '2019-03-19 08:05:39', '1'),
(133, 'Add New Customer 23', '114.124.172.174', '2019-03-19 08:11:51', '1'),
(134, 'Add New Customer 24', '114.124.172.174', '2019-03-19 08:12:27', '1'),
(135, 'Add New Customer 25', '114.124.172.174', '2019-03-19 08:12:49', '1'),
(136, 'Add New Customer 26', '114.124.172.174', '2019-03-19 08:13:04', '1'),
(137, 'Add New Customer 27', '114.124.172.174', '2019-03-19 08:13:24', '1'),
(138, 'Add New Customer 28', '114.124.172.174', '2019-03-19 08:13:56', '1'),
(139, 'Add New Customer 29', '114.124.172.174', '2019-03-19 08:14:12', '1'),
(140, 'Add New Customer 30', '114.124.172.174', '2019-03-19 08:15:07', '1'),
(141, 'Add New Customer 31', '114.124.172.174', '2019-03-19 08:15:41', '1'),
(142, 'Add New Customer 32', '114.124.172.174', '2019-03-19 08:15:58', '1'),
(143, 'Add New Customer 33', '114.124.172.174', '2019-03-19 08:17:35', '1'),
(144, 'Add New Customer 34', '114.124.172.174', '2019-03-19 08:17:58', '1'),
(145, 'Add New Customer 35', '114.124.172.174', '2019-03-19 08:18:49', '1'),
(146, 'Add New Customer 36', '114.124.172.174', '2019-03-19 08:19:19', '1'),
(147, 'Add New Customer 36', '114.124.172.174', '2019-03-19 08:20:08', '1'),
(148, 'Add New Customer 37', '114.124.172.174', '2019-03-19 08:21:02', '1'),
(149, 'Add New Customer 38', '114.124.172.174', '2019-03-19 08:21:19', '1'),
(150, 'Add New Customer 39', '114.124.172.174', '2019-03-19 08:21:38', '1'),
(151, 'Add New Customer 40', '114.124.172.174', '2019-03-19 08:22:07', '1'),
(152, 'Add New Customer 41', '114.124.172.174', '2019-03-19 08:22:24', '1'),
(153, 'Add New Customer 42', '114.124.206.250', '2019-03-20 07:21:01', '1'),
(154, 'Add New Customer 43', '114.124.206.250', '2019-03-20 07:21:17', '1'),
(155, 'Add New Customer 44', '114.124.206.250', '2019-03-20 07:21:58', '1'),
(156, 'Add New Customer 45', '114.124.206.250', '2019-03-20 07:22:19', '1'),
(157, 'Add New Customer 46', '114.124.206.250', '2019-03-20 07:22:37', '1'),
(158, 'Add New Customer 47', '114.124.206.250', '2019-03-20 07:22:55', '1'),
(159, 'Add New Customer 48', '114.124.206.250', '2019-03-20 07:23:31', '1'),
(160, 'Add New Customer 49', '114.124.206.250', '2019-03-20 07:23:49', '1'),
(161, 'Add New Customer 50', '114.124.206.250', '2019-03-20 07:24:12', '1'),
(162, 'Edit Customer MANDIRI SURYA CIPTA ', '114.124.206.250', '2019-03-20 07:24:48', '1'),
(163, 'Add New Customer 52', '114.124.206.250', '2019-03-20 07:28:35', '1'),
(164, 'Add New Customer 53', '114.124.206.250', '2019-03-20 07:28:53', '1'),
(165, 'Add New Customer 54', '114.124.206.250', '2019-03-20 07:29:14', '1'),
(166, 'Add New Customer 55', '114.124.206.250', '2019-03-20 07:29:39', '1'),
(167, 'Add New Customer 56', '114.124.206.250', '2019-03-20 07:29:59', '1'),
(168, 'Add New Customer 57', '114.124.206.250', '2019-03-20 07:30:50', '1'),
(169, 'Add New Customer 58', '114.124.206.250', '2019-03-20 07:31:10', '1'),
(170, 'Add New Customer 59', '114.124.206.250', '2019-03-20 07:31:30', '1'),
(171, 'Add New Customer 60', '114.124.206.250', '2019-03-20 07:31:49', '1'),
(172, 'Add New Customer 61', '114.124.206.250', '2019-03-20 07:32:05', '1'),
(173, 'Add New Customer 62', '114.124.206.250', '2019-03-20 07:32:29', '1'),
(174, 'Add New Customer 63', '114.124.206.250', '2019-03-20 07:32:49', '1'),
(175, 'Add New Customer 64', '114.124.206.243', '2019-03-21 01:19:28', '1'),
(176, 'Add New Customer 65', '114.124.206.243', '2019-03-21 01:30:47', '1'),
(177, 'Add New Customer 66', '114.124.206.243', '2019-03-21 01:31:07', '1'),
(178, 'Add New Customer 67', '114.124.206.243', '2019-03-21 02:23:09', '1'),
(179, 'Add New Customer 68', '114.124.206.243', '2019-03-21 02:24:43', '1'),
(180, 'Add New Customer 69', '114.124.206.243', '2019-03-21 02:25:12', '1'),
(181, 'Add New Customer 70', '114.124.206.243', '2019-03-21 02:25:29', '1'),
(182, 'Add New Customer 71', '114.124.206.243', '2019-03-21 02:26:00', '1'),
(183, 'Add New Customer 72', '114.124.206.243', '2019-03-21 02:26:51', '1'),
(184, 'Add New Customer 73', '114.124.206.243', '2019-03-21 02:27:13', '1'),
(185, 'Add New Customer 74', '114.124.206.243', '2019-03-21 02:27:32', '1'),
(186, 'Add New Customer 75', '114.124.206.243', '2019-03-21 02:27:54', '1'),
(187, 'Add New Customer 76', '114.124.206.243', '2019-03-21 02:28:14', '1'),
(188, 'Add New Customer 77', '114.124.206.243', '2019-03-21 02:28:32', '1'),
(189, 'Add New Customer 78', '114.124.206.243', '2019-03-21 02:29:08', '1'),
(190, 'Add New Customer 79', '114.124.206.243', '2019-03-21 02:29:44', '1'),
(191, 'Add New Customer 80', '114.124.206.243', '2019-03-21 02:30:17', '1'),
(192, 'Add New Customer 81', '114.124.206.243', '2019-03-21 02:31:01', '1'),
(193, 'Add New Customer 82', '114.124.206.243', '2019-03-21 02:31:22', '1'),
(194, 'Add New Customer 83', '114.124.206.243', '2019-03-21 02:33:40', '1'),
(195, 'Add New Customer 84', '114.124.206.243', '2019-03-21 02:33:57', '1'),
(196, 'Add New Customer 85', '114.124.206.243', '2019-03-21 02:34:14', '1'),
(197, 'Add New Customer 86', '114.124.206.243', '2019-03-21 02:34:32', '1'),
(198, 'Add New Customer 87', '114.124.206.243', '2019-03-21 02:34:52', '1'),
(199, 'Add New Customer 88', '114.124.206.243', '2019-03-21 02:35:13', '1'),
(200, 'Add New Customer 89', '114.124.206.243', '2019-03-21 02:35:35', '1'),
(201, 'Add New Customer 90', '114.124.206.243', '2019-03-21 02:36:00', '1'),
(202, 'Add New Customer 91', '114.124.206.243', '2019-03-21 05:05:58', '1'),
(203, 'Add New Customer 92', '114.124.206.243', '2019-03-21 05:06:23', '1'),
(204, 'Add New Customer 93', '114.124.206.243', '2019-03-21 05:06:49', '1'),
(205, 'Add New Customer 94', '114.124.206.243', '2019-03-21 05:07:23', '1'),
(206, 'Add New Customer 95', '114.124.206.243', '2019-03-21 05:08:24', '1'),
(207, 'Add New Customer 96', '114.124.206.243', '2019-03-21 05:08:46', '1'),
(208, 'Add New Customer 97', '114.124.206.243', '2019-03-21 05:09:05', '1'),
(209, 'Add New Customer 98', '114.124.206.243', '2019-03-21 05:09:24', '1'),
(210, 'Add New Customer 99', '114.124.206.243', '2019-03-21 05:09:49', '1'),
(211, 'Add New Customer 100', '114.124.206.243', '2019-03-21 05:10:10', '1'),
(212, 'Add New Customer 101', '114.124.206.243', '2019-03-21 05:10:27', '1'),
(213, 'Add New Customer 102', '114.124.206.243', '2019-03-21 05:10:45', '1'),
(214, 'Add New Customer 103', '114.124.206.243', '2019-03-21 05:11:05', '1'),
(215, 'Add New Customer 104', '114.124.206.243', '2019-03-21 05:11:22', '1'),
(216, 'Add New Customer 104', '114.124.206.243', '2019-03-21 05:11:37', '1'),
(217, 'Add New Customer 106', '114.124.206.243', '2019-03-21 05:11:51', '1'),
(218, 'Add New Customer 107', '114.124.206.243', '2019-03-21 05:12:06', '1'),
(219, 'Add New Customer 108', '114.124.206.243', '2019-03-21 05:12:23', '1'),
(220, 'Add New Customer 109', '114.124.206.243', '2019-03-21 05:12:40', '1'),
(221, 'Add New Customer 110', '114.124.206.243', '2019-03-21 05:13:02', '1'),
(222, 'Add New Customer 112', '114.124.206.243', '2019-03-21 05:13:55', '1'),
(223, 'Edit Customer CAREFOUR KARAWANG ', '114.124.206.243', '2019-03-21 05:16:23', '1'),
(224, 'Add New Customer 114', '114.124.206.243', '2019-03-21 05:16:58', '1'),
(225, 'Add New Customer 115', '114.124.206.243', '2019-03-21 05:17:20', '1'),
(226, 'Add New Customer 116', '114.124.206.243', '2019-03-21 05:17:40', '1'),
(227, 'Add New Customer 117', '114.124.206.243', '2019-03-21 05:17:57', '1'),
(228, 'Add New Customer 118', '114.124.206.243', '2019-03-21 05:44:50', '1'),
(229, 'Add New Customer 119', '114.124.206.243', '2019-03-21 05:45:06', '1'),
(230, 'Add New Customer 120', '114.124.206.243', '2019-03-21 05:45:23', '1'),
(231, 'Add New Customer 121', '114.124.206.243', '2019-03-21 05:45:42', '1'),
(232, 'Add New Customer 122', '114.124.206.243', '2019-03-21 05:46:02', '1'),
(233, 'Add New Customer 123', '114.124.206.243', '2019-03-21 05:46:26', '1'),
(234, 'Add New Customer 124', '114.124.206.243', '2019-03-21 05:46:56', '1'),
(235, 'Add New Customer 125', '114.124.206.243', '2019-03-21 05:47:14', '1'),
(236, 'Add New Customer 126', '114.124.206.243', '2019-03-21 05:47:34', '1'),
(237, 'Add New Customer 127', '114.124.206.243', '2019-03-21 05:48:00', '1'),
(238, 'Add New Customer 129', '114.124.206.243', '2019-03-21 05:48:51', '1'),
(239, 'Add New Customer 130', '114.124.206.243', '2019-03-21 05:49:08', '1'),
(240, 'Add New Customer 131', '114.124.206.243', '2019-03-21 05:49:23', '1'),
(241, 'Add New Customer 132', '114.124.206.243', '2019-03-21 05:49:50', '1'),
(242, 'Add New Customer 133', '114.124.206.243', '2019-03-21 05:50:05', '1'),
(243, 'Add New Customer 134', '114.124.206.243', '2019-03-21 05:50:22', '1'),
(244, 'Add New Customer 135', '114.124.206.243', '2019-03-21 05:50:38', '1'),
(245, 'Add New Customer 136', '114.124.206.243', '2019-03-21 05:50:57', '1'),
(246, 'Add New Customer 137', '114.124.206.243', '2019-03-21 05:51:15', '1'),
(247, 'Add New Customer 139', '114.124.206.243', '2019-03-21 05:52:14', '1'),
(248, 'Add New Customer 140', '114.124.206.243', '2019-03-21 05:52:34', '1'),
(249, 'Add New Customer 141', '114.124.206.243', '2019-03-21 05:52:50', '1'),
(250, 'Add New Customer 142', '114.124.206.243', '2019-03-21 05:53:14', '1'),
(251, 'Add New Customer 143', '114.124.206.243', '2019-03-21 05:53:30', '1'),
(252, 'Add New Customer 144', '114.124.206.243', '2019-03-21 05:53:47', '1'),
(253, 'Add New Customer 145', '114.124.206.243', '2019-03-21 05:54:05', '1'),
(254, 'Add New Customer 146', '114.124.206.243', '2019-03-21 05:54:24', '1'),
(255, 'Add New Customer 147', '114.124.206.243', '2019-03-21 05:54:42', '1'),
(256, 'Add New Customer 148', '114.124.206.243', '2019-03-21 05:55:10', '1'),
(257, 'Add New Customer 149', '114.124.206.243', '2019-03-21 05:55:33', '1'),
(258, 'Add New Customer 150', '114.124.206.243', '2019-03-21 05:56:01', '1'),
(259, 'Add New Customer 152', '114.124.206.243', '2019-03-21 05:57:07', '1'),
(260, 'Add New Customer 151', '114.124.206.243', '2019-03-21 05:57:41', '1'),
(261, 'Edit Customer REST AREA KM 19 ', '114.124.206.243', '2019-03-21 05:59:00', '1'),
(262, 'Add New Customer 153', '114.124.206.243', '2019-03-21 05:59:23', '1'),
(263, 'Add New Customer 154', '114.124.206.243', '2019-03-21 05:59:43', '1'),
(264, 'Add New Customer 156', '114.124.206.243', '2019-03-21 06:02:17', '1'),
(265, 'Add New Customer 157', '114.124.206.243', '2019-03-21 06:02:27', '1'),
(266, 'Add New Customer 158', '114.124.206.243', '2019-03-21 06:02:42', '1'),
(267, 'Add New Customer 159', '114.124.206.243', '2019-03-21 06:02:58', '1'),
(268, 'Add New Customer 160', '114.124.206.243', '2019-03-21 06:03:14', '1'),
(269, 'Add New Customer 161', '114.124.206.243', '2019-03-21 06:03:31', '1'),
(270, 'Add New Customer 162', '114.124.206.243', '2019-03-21 06:03:56', '1'),
(271, 'Add New Customer 163', '114.124.206.243', '2019-03-21 06:04:23', '1'),
(272, 'Add New Customer 164', '114.124.206.243', '2019-03-21 06:04:41', '1'),
(273, 'Add New Customer 165', '114.124.206.243', '2019-03-21 06:04:59', '1'),
(274, 'Add New Customer 166', '114.124.206.243', '2019-03-21 06:05:18', '1'),
(275, 'Add New Customer 167', '114.124.206.243', '2019-03-21 06:05:42', '1'),
(276, 'Add New Customer 168', '114.124.206.243', '2019-03-21 06:06:05', '1'),
(277, 'Add New Customer 169', '114.124.206.243', '2019-03-21 06:06:24', '1'),
(278, 'Add New Customer 170', '114.124.206.243', '2019-03-21 06:07:26', '1'),
(279, 'Add New Customer 171', '114.124.206.243', '2019-03-21 06:08:35', '1'),
(280, 'Add New Customer 172', '114.124.206.243', '2019-03-21 06:09:03', '1'),
(281, 'Add New Customer 173', '114.124.206.243', '2019-03-21 06:09:38', '1'),
(282, 'Add New Customer 174', '114.124.206.243', '2019-03-21 06:10:43', '1'),
(283, 'Add New Customer 175', '114.124.206.243', '2019-03-21 06:11:01', '1'),
(284, 'Add New Customer 176', '114.124.206.243', '2019-03-21 06:11:31', '1'),
(285, 'Add New Customer 177', '114.124.206.243', '2019-03-21 06:11:50', '1'),
(286, 'Add New Customer 178', '114.124.206.243', '2019-03-21 06:12:14', '1'),
(287, 'Add New Customer 179', '114.124.206.243', '2019-03-21 06:12:30', '1'),
(288, 'Add New Customer 180', '114.124.206.243', '2019-03-21 06:12:53', '1'),
(289, 'Add New Customer 181', '114.124.206.243', '2019-03-21 06:13:24', '1'),
(290, 'Add New Customer 182', '114.124.206.243', '2019-03-21 06:13:48', '1'),
(291, 'Add New Customer 183', '114.124.206.243', '2019-03-21 06:20:14', '1'),
(292, 'Add New Customer 184', '114.124.206.243', '2019-03-21 06:21:14', '1'),
(293, 'Add New Customer 185', '114.124.206.243', '2019-03-21 06:21:35', '1'),
(294, 'Add New Customer 186', '114.124.206.243', '2019-03-21 06:21:58', '1'),
(295, 'Add New Customer 187', '114.124.206.243', '2019-03-21 06:22:12', '1'),
(296, 'Add New Customer 188', '114.124.206.243', '2019-03-21 06:23:13', '1'),
(297, 'Add New Customer 189', '114.124.206.243', '2019-03-21 06:23:29', '1'),
(298, 'Add New Customer 190', '114.124.206.243', '2019-03-21 06:25:09', '1'),
(299, 'Add New Customer 191', '114.124.206.243', '2019-03-21 06:25:29', '1'),
(300, 'Add New Customer 192', '114.124.206.243', '2019-03-21 06:25:49', '1'),
(301, 'Add New Customer 193', '114.124.206.243', '2019-03-21 06:26:03', '1'),
(302, 'Add New Customer 194', '114.124.206.243', '2019-03-21 06:26:43', '1'),
(303, 'Add New Customer 195', '114.124.206.243', '2019-03-21 06:27:09', '1'),
(304, 'Add New Customer 196', '114.124.206.243', '2019-03-21 06:27:35', '1'),
(305, 'Add New Customer 197', '114.124.206.243', '2019-03-21 06:28:14', '1'),
(306, 'Add New Customer 198', '114.124.206.243', '2019-03-21 06:28:36', '1'),
(307, 'Add New Customer 199', '114.124.206.243', '2019-03-21 06:28:51', '1'),
(308, 'Add New Customer 200', '114.124.206.243', '2019-03-21 06:29:07', '1'),
(309, 'Add New Customer 201', '114.124.206.243', '2019-03-21 06:29:24', '1'),
(310, 'Add New Customer 202', '114.124.206.243', '2019-03-21 06:29:51', '1'),
(311, 'Add New Customer 203', '114.124.206.243', '2019-03-21 06:31:12', '1'),
(312, 'Add New Customer 204', '114.124.206.243', '2019-03-21 06:31:28', '1'),
(313, 'Add New Customer 205', '114.124.206.243', '2019-03-21 06:31:42', '1'),
(314, 'Add New Customer 206', '114.124.206.243', '2019-03-21 06:32:02', '1'),
(315, 'Add New Customer 207', '114.124.206.243', '2019-03-21 06:32:18', '1'),
(316, 'Add New Customer 208', '114.124.206.243', '2019-03-21 06:32:36', '1'),
(317, 'Add New Customer 209', '114.124.206.243', '2019-03-21 06:32:51', '1'),
(318, 'Add New Customer 210', '114.124.206.243', '2019-03-21 06:33:08', '1'),
(319, 'Add New Customer 211', '114.124.206.243', '2019-03-21 06:34:11', '1'),
(320, 'Add New Customer 197', '114.124.206.243', '2019-03-21 06:38:45', '1'),
(321, 'Add New Customer 213', '114.124.206.243', '2019-03-21 06:39:30', '1'),
(322, 'Add New Customer 214', '114.124.206.243', '2019-03-21 06:39:45', '1'),
(323, 'Add New Customer 215', '114.124.206.243', '2019-03-21 06:40:01', '1'),
(324, 'Add New Customer 216', '114.124.206.243', '2019-03-21 06:40:59', '1'),
(325, 'Add New Customer 217', '114.124.206.243', '2019-03-21 06:41:23', '1'),
(326, 'Add New Customer 218', '114.124.206.243', '2019-03-21 06:45:59', '1'),
(327, 'Add New Customer 219', '114.124.206.243', '2019-03-21 06:46:42', '1'),
(328, 'Add New Customer 220', '114.124.206.243', '2019-03-21 06:51:34', '1'),
(329, 'Add New Customer 221', '114.124.206.243', '2019-03-21 06:51:57', '1'),
(330, 'Add New Customer 223', '114.124.206.243', '2019-03-21 06:57:03', '1'),
(331, 'Add New Customer 224', '114.124.206.243', '2019-03-21 06:57:29', '1'),
(332, 'Add New Customer 225', '114.124.206.243', '2019-03-21 06:57:48', '1'),
(333, 'Add New Customer 226', '114.124.206.243', '2019-03-21 06:58:03', '1'),
(334, 'Add New Customer 227', '114.124.206.243', '2019-03-21 06:58:18', '1'),
(335, 'Add New Customer 228', '114.124.206.243', '2019-03-21 06:58:35', '1'),
(336, 'Add New Customer 229', '114.124.206.243', '2019-03-21 06:58:52', '1'),
(337, 'Add New Customer 230', '114.124.206.243', '2019-03-21 07:04:18', '1'),
(338, 'Add New Customer 231', '114.124.206.243', '2019-03-21 07:06:36', '1'),
(339, 'Add New Customer 232', '114.124.206.243', '2019-03-21 07:07:01', '1'),
(340, 'Add New Customer 233', '114.124.206.243', '2019-03-21 07:10:42', '1'),
(341, 'Add New Customer 235', '114.124.206.243', '2019-03-21 07:14:18', '1'),
(342, 'Add New Customer 236', '114.124.206.243', '2019-03-21 07:14:40', '1'),
(343, 'Add New Customer 237', '114.124.206.243', '2019-03-21 07:15:26', '1'),
(344, 'Add New Customer 238', '114.124.206.243', '2019-03-21 07:15:44', '1'),
(345, 'Add New Customer 239', '114.124.206.243', '2019-03-21 07:18:11', '1'),
(346, 'Add New Customer 240', '114.124.206.243', '2019-03-21 07:23:29', '1'),
(347, 'Add New Customer 241', '114.124.206.243', '2019-03-21 07:47:40', '1'),
(348, 'Add New Customer 242', '114.124.206.243', '2019-03-21 07:48:04', '1'),
(349, 'Add New Customer 243', '114.124.206.243', '2019-03-21 07:48:23', '1'),
(350, 'Add New Customer 244', '114.124.206.243', '2019-03-21 07:48:40', '1'),
(351, 'Add New Customer 246', '114.124.206.243', '2019-03-21 07:49:13', '1'),
(352, 'Add New Customer 247', '114.124.206.243', '2019-03-21 07:52:48', '1'),
(353, 'Add New Customer 248', '114.124.206.243', '2019-03-21 07:53:34', '1'),
(354, 'Add New Customer 249', '114.124.206.243', '2019-03-21 07:54:02', '1'),
(355, 'Add New Customer 250', '114.124.206.243', '2019-03-21 07:54:16', '1'),
(356, 'Add New Customer 251', '114.124.206.243', '2019-03-21 07:55:56', '1'),
(357, 'Add New Customer 252', '114.124.206.243', '2019-03-21 08:04:04', '1'),
(358, 'Add New Customer 253', '114.124.206.243', '2019-03-21 08:04:28', '1'),
(359, 'Add New Customer 254', '114.124.206.243', '2019-03-21 08:05:10', '1'),
(360, 'Add New Customer 255', '114.124.206.243', '2019-03-21 08:06:42', '1'),
(361, 'Add New Customer 256', '114.124.206.243', '2019-03-21 08:08:57', '1'),
(362, 'Add New Customer 257', '114.124.206.243', '2019-03-21 08:09:14', '1'),
(363, 'Add New Customer 258', '114.124.206.243', '2019-03-21 08:09:28', '1'),
(364, 'Add New Customer 259', '114.124.206.243', '2019-03-21 08:09:44', '1'),
(365, 'Add New Customer 260', '114.124.206.243', '2019-03-21 08:10:01', '1'),
(366, 'Add New Customer 261', '114.124.206.243', '2019-03-21 08:10:23', '1'),
(367, 'Add New Customer 262', '114.124.206.243', '2019-03-21 08:10:42', '1'),
(368, 'Add New Customer 263', '114.124.206.243', '2019-03-21 08:11:31', '1'),
(369, 'Add New Customer 264', '114.124.206.243', '2019-03-21 08:11:50', '1'),
(370, 'Add New Customer 265', '114.124.206.243', '2019-03-21 08:12:07', '1'),
(371, 'Add New Customer 266', '114.124.206.243', '2019-03-21 08:15:48', '1'),
(372, 'Add New Customer 267', '114.124.206.243', '2019-03-21 08:16:07', '1'),
(373, 'Add New Customer 268', '114.124.206.243', '2019-03-21 08:16:39', '1'),
(374, 'Add New Customer 269', '114.124.206.243', '2019-03-21 08:17:25', '1'),
(375, 'Add New Customer 270', '114.124.206.243', '2019-03-21 08:17:41', '1'),
(376, 'Add New Customer 271', '114.124.206.243', '2019-03-21 08:18:00', '1'),
(377, 'Add New Customer 272', '114.124.206.243', '2019-03-21 08:18:20', '1'),
(378, 'Add New Customer 273', '114.124.206.243', '2019-03-21 08:18:37', '1'),
(379, 'Add New Customer 274', '114.124.206.243', '2019-03-21 08:18:56', '1'),
(380, 'Add New Customer 275', '114.124.206.243', '2019-03-21 08:19:58', '1'),
(381, 'Add New Customer 276', '114.124.206.243', '2019-03-21 08:20:19', '1'),
(382, 'Add New Customer 277', '114.124.206.243', '2019-03-21 08:20:38', '1'),
(383, 'Add New Customer 278', '114.124.206.243', '2019-03-21 08:20:57', '1'),
(384, 'Add New Customer 279', '114.124.206.243', '2019-03-21 08:21:59', '1'),
(385, 'Add New Customer 280', '114.124.206.243', '2019-03-21 08:22:23', '1'),
(386, 'Add New Customer 281', '114.124.206.243', '2019-03-21 08:22:43', '1'),
(387, 'Add New Customer 282', '114.124.206.243', '2019-03-21 08:24:36', '1'),
(388, 'Add New Customer 283', '114.124.206.243', '2019-03-21 08:24:57', '1'),
(389, 'Add New Customer 284', '114.124.206.243', '2019-03-21 08:25:13', '1'),
(390, 'Add New Customer 285', '114.124.206.243', '2019-03-21 08:25:30', '1'),
(391, 'Add New Customer 286', '114.124.206.243', '2019-03-21 08:25:49', '1'),
(392, 'Add New Customer 287', '114.124.206.243', '2019-03-21 08:26:06', '1'),
(393, 'Add New Customer 288', '114.124.206.243', '2019-03-21 08:26:22', '1'),
(394, 'Add New Customer 289', '114.124.206.243', '2019-03-21 08:26:43', '1'),
(395, 'Add New Customer 290', '114.124.206.243', '2019-03-21 08:27:02', '1'),
(396, 'Add New Customer 291', '114.124.206.243', '2019-03-21 08:27:25', '1'),
(397, 'Add New Customer 292', '114.124.206.243', '2019-03-21 08:30:28', '1'),
(398, 'Add New Customer 293', '114.124.206.243', '2019-03-21 08:30:45', '1'),
(399, 'Add New Customer 294', '114.124.206.243', '2019-03-21 08:31:34', '1'),
(400, 'Add New Customer 265', '114.124.206.243', '2019-03-21 08:34:31', '1'),
(401, 'Add New Customer 295', '114.124.206.243', '2019-03-21 08:37:23', '1'),
(402, 'Add New Customer 296', '114.124.206.243', '2019-03-21 08:38:04', '1'),
(403, 'Add New Customer 297', '114.124.206.243', '2019-03-21 08:38:31', '1'),
(404, 'Add New Customer 298', '114.124.206.243', '2019-03-21 08:38:58', '1'),
(405, 'Add New Customer 299', '114.124.206.243', '2019-03-21 08:42:48', '1'),
(406, 'Add New Customer 300', '114.124.206.243', '2019-03-21 08:43:09', '1'),
(407, 'Add New Customer 302', '114.124.172.186', '2019-03-21 14:27:08', '1'),
(408, 'Add New Customer 303', '114.124.172.186', '2019-03-21 14:27:29', '1'),
(409, 'Add New Customer 304', '114.124.172.186', '2019-03-21 14:27:48', '1'),
(410, 'Add New Customer 305', '114.124.172.186', '2019-03-21 14:28:04', '1'),
(411, 'Add New Customer 306', '114.124.172.186', '2019-03-21 14:28:30', '1'),
(412, 'Add New Customer 307', '114.124.172.186', '2019-03-21 14:33:00', '1'),
(413, 'Edit Customer 105', '114.124.205.193', '2019-03-22 05:41:41', '1'),
(414, 'Create Gudang Jkt 1', '36.88.153.161', '2019-03-23 17:37:07', '1'),
(415, 'Create Inventory 1', '36.88.153.161', '2019-03-23 17:38:18', '1'),
(416, 'Edit Customer 51', '114.124.228.101', '2019-03-23 18:26:58', '1'),
(417, 'Add New Customer 212', '182.0.166.190', '2019-03-25 04:26:35', '1'),
(418, 'Create Product ECO  INSECT KILLER 6 CAN', '182.0.166.190', '2019-03-25 05:36:16', '1'),
(419, 'Create Product ECO  INSECT KILLER 12 CAN', '182.0.166.190', '2019-03-25 05:36:45', '1'),
(420, 'Create Package ECO  INSECT KILLER 6 CAN', '182.0.166.190', '2019-03-25 06:05:12', '1'),
(421, 'Create Package ECO  INSECT KILLER  12 CAN', '182.0.166.190', '2019-03-25 06:08:20', '1'),
(422, 'Create Package ECO  INSECT KILLER  12 CAN', '182.0.166.190', '2019-03-25 06:08:21', '1'),
(423, 'Create Package ECO TISSUE DISPENSER', '182.0.166.36', '2019-03-26 05:56:03', '1'),
(424, 'Create Package ECO MULTIFOLD DISPENSER', '182.0.166.36', '2019-03-26 05:57:14', '1'),
(425, 'Create Package ECO TISSUE DISPENSER DIGITAL', '182.0.166.36', '2019-03-26 05:57:55', '1'),
(426, 'Create Package ECO TISSUE DISPENSER DIGITAL', '182.0.166.36', '2019-03-26 06:40:21', '1'),
(427, 'Create Teknisi REZA', '182.0.199.150', '2019-03-27 04:12:12', '1'),
(428, 'Create Gudang Gudang 1 BCC', '182.0.199.150', '2019-03-27 04:13:00', '1'),
(429, 'Create Teknisi RIDWAN', '182.0.199.81', '2019-03-27 04:28:26', '1'),
(430, 'Create Teknisi TITO', '182.0.199.81', '2019-03-27 04:29:04', '1'),
(431, 'Create Teknisi IWAN', '182.0.199.81', '2019-03-27 04:29:37', '1'),
(432, 'Create Teknisi YUNI', '182.0.199.81', '2019-03-27 04:30:08', '1'),
(433, 'Create Gudang Gudang 2 BCC', '182.0.199.81', '2019-03-27 04:30:59', '1'),
(434, 'Create Gudang Gudang 3 BCC', '182.0.199.81', '2019-03-27 04:31:31', '1'),
(435, 'Create Gudang Gudang Material BCC', '182.0.199.81', '2019-03-27 04:32:31', '1'),
(436, 'Create Inventory 1', '182.0.199.81', '2019-03-27 04:33:19', '1'),
(437, 'Create Inventory 2', '182.0.199.81', '2019-03-27 04:33:39', '1'),
(438, 'Create Inventory 3', '182.0.199.81', '2019-03-27 04:33:59', '1'),
(439, 'Create Inventory 6', '182.0.199.81', '2019-03-27 04:34:14', '1'),
(440, 'Create Inventory 10', '182.0.199.202', '2019-03-27 06:24:56', '1'),
(441, 'Create Inventory 11', '182.0.199.202', '2019-03-27 06:25:28', '1'),
(442, 'Create Inventory 12', '182.0.199.202', '2019-03-27 06:25:54', '1'),
(443, 'Create Inventory 17', '182.0.199.202', '2019-03-27 06:28:11', '1'),
(444, 'Create Inventory 18', '182.0.199.202', '2019-03-27 06:29:35', '1'),
(445, 'Create Inventory 19', '182.0.199.202', '2019-03-27 06:30:25', '1'),
(446, 'Create Inventory 21', '182.0.199.202', '2019-03-27 06:32:11', '1'),
(447, 'Create Inventory 26', '182.0.199.202', '2019-03-27 06:33:07', '1'),
(448, 'Create Inventory 35', '182.0.199.202', '2019-03-27 06:33:37', '1'),
(449, 'Create Inventory 52', '182.0.199.202', '2019-03-27 06:40:23', '1'),
(450, 'Create Inventory 39', '182.0.199.202', '2019-03-27 06:40:50', '1'),
(451, 'Create Inventory 40', '182.0.199.202', '2019-03-27 06:41:26', '1'),
(452, 'Create Inventory 41', '182.0.199.202', '2019-03-27 06:43:01', '1'),
(453, 'Create Inventory 57', '182.0.199.202', '2019-03-27 06:47:00', '1'),
(454, 'Create Inventory 58', '182.0.199.202', '2019-03-27 06:48:53', '1'),
(455, 'Create Package ECO SEAT CLEANER', '182.0.199.202', '2019-03-27 08:02:15', '1'),
(456, 'Create Inventory 60', '182.0.231.60', '2019-03-27 10:56:57', '1'),
(457, 'Create Contract ', '182.0.231.60', '2019-03-27 11:43:41', '1'),
(458, 'Edit Teknisi IWAN', '182.0.231.60', '2019-03-27 11:44:38', '1'),
(459, 'Create Contract ', '182.0.231.60', '2019-03-27 13:00:17', '1'),
(460, 'Create Contract ', '182.0.231.60', '2019-03-27 14:42:47', '1'),
(461, 'Create Contract ', '182.0.199.100', '2019-03-27 19:17:33', '1'),
(462, 'Create Contract ', '182.0.199.100', '2019-03-27 19:56:19', '1'),
(463, 'Create Contract ', '182.0.199.100', '2019-03-27 20:08:50', '1'),
(464, 'Create Contract ', '139.194.21.32', '2019-03-28 03:25:14', '1'),
(465, 'Create Contract ', '182.0.230.90', '2019-03-28 07:30:51', '1'),
(466, 'Create Contract ', '182.0.230.90', '2019-03-28 08:36:03', '1'),
(467, 'Create Product ECO SCENT', '182.0.199.28', '2019-04-07 15:51:01', '1'),
(468, 'Create Package ECO SCENT', '182.0.199.28', '2019-04-07 15:52:53', '1');

-- --------------------------------------------------------

--
-- Struktur dari tabel `admin`
--

CREATE TABLE IF NOT EXISTS `admin` (
  `admin_id` int(11) NOT NULL AUTO_INCREMENT,
  `user_group_id` int(5) NOT NULL COMMENT '"1=''superadmin'',2=''admin standar''"',
  `branch_id` char(11) NOT NULL,
  `admin_username` varchar(50) NOT NULL,
  `admin_password` text NOT NULL,
  `admin_email` text NOT NULL,
  `admin_name` varchar(100) NOT NULL,
  `admin_photo` text NOT NULL,
  `store_id` int(11) NOT NULL,
  `created_by` char(11) NOT NULL,
  `created_date` datetime NOT NULL,
  `updated_by` char(11) NOT NULL,
  `updated_date` timestamp NOT NULL DEFAULT CURRENT_TIMESTAMP ON UPDATE CURRENT_TIMESTAMP,
  `deleted` enum('0','1') NOT NULL DEFAULT '0' COMMENT '"0=''undelete'',1=''deleted''"',
  `actived` enum('0','1') NOT NULL DEFAULT '1' COMMENT '"0=''nonactive'',1=''active''"',
  PRIMARY KEY (`admin_id`)
) ENGINE=MyISAM  DEFAULT CHARSET=latin1 AUTO_INCREMENT=4 ;

--
-- Dumping data untuk tabel `admin`
--

INSERT INTO `admin` (`admin_id`, `user_group_id`, `branch_id`, `admin_username`, `admin_password`, `admin_email`, `admin_name`, `admin_photo`, `store_id`, `created_by`, `created_date`, `updated_by`, `updated_date`, `deleted`, `actived`) VALUES
(1, 1, '', 'admin', 'd829b843a6550a947e82f2f38ed6b7a7', 'dodo@codelabs.co.id', 'Dosu Cardy', '013f677e.jpg', 0, '', '2014-03-27 00:00:00', '1', '2018-10-17 09:37:46', '0', '1'),
(2, 1, '3', 'andika', '202cb962ac59075b964b07152d234b70', 'akidnandika@gmail.com', 'Andika S. Maringka', '526735_3434442975381_1649001691_n.jpg', 0, '1', '2014-04-01 18:57:39', '1', '2015-05-28 02:33:59', '1', '1'),
(3, 2, '', 'john', '202cb962ac59075b964b07152d234b70', 'johndoe@domain.com', 'John Doe', 'user8-128x128.jpg', 0, '1', '2016-04-29 08:47:56', '', '2016-04-29 06:47:56', '0', '1');

-- --------------------------------------------------------

--
-- Struktur dari tabel `branch`
--

CREATE TABLE IF NOT EXISTS `branch` (
  `branch_id` int(11) NOT NULL AUTO_INCREMENT,
  `branch_name` varchar(100) NOT NULL,
  `branch_desc` text NOT NULL,
  `created_date` datetime NOT NULL,
  `created_by` int(11) NOT NULL,
  `deleted` enum('0','1') NOT NULL DEFAULT '0',
  PRIMARY KEY (`branch_id`)
) ENGINE=InnoDB  DEFAULT CHARSET=latin1 AUTO_INCREMENT=2 ;

--
-- Dumping data untuk tabel `branch`
--

INSERT INTO `branch` (`branch_id`, `branch_name`, `branch_desc`, `created_date`, `created_by`, `deleted`) VALUES
(1, 'BCC', '<p>BCC&nbsp;</p>\n', '2019-03-19 00:00:00', 1, '0');

-- --------------------------------------------------------

--
-- Struktur dari tabel `calendar`
--

CREATE TABLE IF NOT EXISTS `calendar` (
  `calendar_id` int(11) NOT NULL AUTO_INCREMENT,
  `calendar_month` int(11) NOT NULL,
  `working_day` int(11) NOT NULL,
  `calendar_date` date NOT NULL,
  `created_date` datetime NOT NULL,
  `created_by` int(11) NOT NULL,
  `deleted` int(11) NOT NULL,
  `calendar_year` int(11) NOT NULL,
  PRIMARY KEY (`calendar_id`)
) ENGINE=InnoDB  DEFAULT CHARSET=latin1 AUTO_INCREMENT=328 ;

--
-- Dumping data untuk tabel `calendar`
--

INSERT INTO `calendar` (`calendar_id`, `calendar_month`, `working_day`, `calendar_date`, `created_date`, `created_by`, `deleted`, `calendar_year`) VALUES
(1, 10, 1, '2018-10-01', '2018-10-15 08:31:12', 1, 0, 2018),
(2, 10, 2, '2018-10-02', '2018-10-15 08:31:12', 1, 0, 2018),
(3, 10, 3, '2018-10-03', '2018-10-15 08:31:12', 1, 0, 2018),
(4, 10, 4, '2018-10-04', '2018-10-15 08:31:12', 1, 0, 2018),
(5, 10, 5, '2018-10-05', '2018-10-15 08:31:12', 1, 0, 2018),
(6, 10, 6, '2018-10-08', '2018-10-15 08:31:12', 1, 0, 2018),
(7, 10, 7, '2018-10-09', '2018-10-15 08:31:12', 1, 0, 2018),
(8, 10, 8, '2018-10-10', '2018-10-15 08:31:12', 1, 0, 2018),
(9, 10, 9, '2018-10-11', '2018-10-15 08:31:12', 1, 0, 2018),
(10, 10, 10, '2018-10-12', '2018-10-15 08:31:12', 1, 0, 2018),
(11, 10, 11, '2018-10-15', '2018-10-15 08:31:12', 1, 0, 2018),
(12, 10, 12, '2018-10-16', '2018-10-15 08:31:12', 1, 0, 2018),
(13, 10, 13, '2018-10-17', '2018-10-15 08:31:12', 1, 0, 2018),
(14, 10, 14, '2018-10-18', '2018-10-15 08:31:12', 1, 0, 2018),
(15, 10, 15, '2018-10-19', '2018-10-15 08:31:12', 1, 0, 2018),
(16, 10, 16, '2018-10-22', '2018-10-15 08:31:12', 1, 0, 2018),
(17, 10, 17, '2018-10-23', '2018-10-15 08:31:12', 1, 0, 2018),
(18, 10, 18, '2018-10-24', '2018-10-15 08:31:12', 1, 0, 2018),
(19, 10, 19, '2018-10-25', '2018-10-15 08:31:12', 1, 0, 2018),
(20, 10, 20, '2018-10-26', '2018-10-15 08:31:12', 1, 0, 2018),
(21, 10, 21, '2018-10-29', '2018-10-15 08:31:12', 1, 0, 2018),
(22, 10, 22, '2018-10-30', '2018-10-15 08:31:12', 1, 0, 2018),
(23, 10, 23, '2018-10-31', '2018-10-15 08:31:12', 1, 0, 2018),
(24, 11, 1, '2018-11-01', '2018-10-15 08:42:00', 1, 0, 2018),
(25, 11, 2, '2018-11-02', '2018-10-15 08:42:00', 1, 0, 2018),
(26, 11, 3, '2018-11-05', '2018-10-15 08:42:00', 1, 0, 2018),
(27, 11, 4, '2018-11-06', '2018-10-15 08:42:00', 1, 0, 2018),
(28, 11, 5, '2018-11-07', '2018-10-15 08:42:00', 1, 0, 2018),
(29, 11, 6, '2018-11-08', '2018-10-15 08:42:00', 1, 0, 2018),
(30, 11, 7, '2018-11-09', '2018-10-15 08:42:00', 1, 0, 2018),
(31, 11, 8, '2018-11-12', '2018-10-15 08:42:00', 1, 0, 2018),
(32, 11, 9, '2018-11-13', '2018-10-15 08:42:00', 1, 0, 2018),
(33, 11, 10, '2018-11-14', '2018-10-15 08:42:00', 1, 0, 2018),
(34, 11, 11, '2018-11-15', '2018-10-15 08:42:00', 1, 0, 2018),
(35, 11, 12, '2018-11-16', '2018-10-15 08:42:00', 1, 0, 2018),
(36, 11, 13, '2018-11-19', '2018-10-15 08:42:00', 1, 0, 2018),
(37, 11, 14, '2018-11-20', '2018-10-15 08:42:00', 1, 0, 2018),
(38, 11, 15, '2018-11-21', '2018-10-15 08:42:00', 1, 0, 2018),
(39, 11, 16, '2018-11-22', '2018-10-15 08:42:00', 1, 0, 2018),
(40, 11, 17, '2018-11-23', '2018-10-15 08:42:00', 1, 0, 2018),
(41, 11, 18, '2018-11-26', '2018-10-15 08:42:00', 1, 0, 2018),
(42, 11, 19, '2018-11-27', '2018-10-15 08:42:00', 1, 0, 2018),
(43, 11, 20, '2018-11-28', '2018-10-15 08:42:00', 1, 0, 2018),
(44, 11, 21, '2018-11-29', '2018-10-15 08:42:00', 1, 0, 2018),
(45, 11, 22, '2018-11-30', '2018-10-15 08:42:01', 1, 0, 2018),
(46, 12, 1, '2018-12-03', '2018-10-15 08:42:56', 1, 0, 2018),
(47, 12, 2, '2018-12-04', '2018-10-15 08:42:56', 1, 0, 2018),
(48, 12, 3, '2018-12-05', '2018-10-15 08:42:56', 1, 0, 2018),
(49, 12, 4, '2018-12-06', '2018-10-15 08:42:56', 1, 0, 2018),
(50, 12, 5, '2018-12-07', '2018-10-15 08:42:56', 1, 0, 2018),
(51, 12, 6, '2018-12-10', '2018-10-15 08:42:56', 1, 0, 2018),
(52, 12, 7, '2018-12-11', '2018-10-15 08:42:56', 1, 0, 2018),
(53, 12, 8, '2018-12-12', '2018-10-15 08:42:56', 1, 0, 2018),
(54, 12, 9, '2018-12-13', '2018-10-15 08:42:56', 1, 0, 2018),
(55, 12, 10, '2018-12-14', '2018-10-15 08:42:56', 1, 0, 2018),
(56, 12, 11, '2018-12-17', '2018-10-15 08:42:56', 1, 0, 2018),
(57, 12, 12, '2018-12-18', '2018-10-15 08:42:56', 1, 0, 2018),
(58, 12, 13, '2018-12-19', '2018-10-15 08:42:56', 1, 0, 2018),
(59, 12, 14, '2018-12-20', '2018-10-15 08:42:56', 1, 0, 2018),
(60, 12, 15, '2018-12-21', '2018-10-15 08:42:56', 1, 0, 2018),
(61, 12, 16, '2018-12-24', '2018-10-15 08:42:56', 1, 0, 2018),
(62, 12, 17, '2018-12-25', '2018-10-15 08:42:56', 1, 0, 2018),
(63, 12, 18, '2018-12-26', '2018-10-15 08:42:56', 1, 0, 2018),
(64, 12, 19, '2018-12-27', '2018-10-15 08:42:56', 1, 0, 2018),
(65, 12, 20, '2018-12-28', '2018-10-15 08:42:56', 1, 0, 2018),
(66, 12, 21, '2018-12-31', '2018-10-15 08:42:56', 1, 0, 2018),
(67, 1, 1, '2019-01-01', '2018-10-15 08:43:01', 1, 0, 2019),
(68, 1, 2, '2019-01-02', '2018-10-15 08:43:01', 1, 0, 2019),
(69, 1, 3, '2019-01-03', '2018-10-15 08:43:01', 1, 0, 2019),
(70, 1, 4, '2019-01-04', '2018-10-15 08:43:01', 1, 0, 2019),
(71, 1, 5, '2019-01-07', '2018-10-15 08:43:01', 1, 0, 2019),
(72, 1, 6, '2019-01-08', '2018-10-15 08:43:02', 1, 0, 2019),
(73, 1, 7, '2019-01-09', '2018-10-15 08:43:02', 1, 0, 2019),
(74, 1, 8, '2019-01-10', '2018-10-15 08:43:02', 1, 0, 2019),
(75, 1, 9, '2019-01-11', '2018-10-15 08:43:02', 1, 0, 2019),
(76, 1, 10, '2019-01-14', '2018-10-15 08:43:02', 1, 0, 2019),
(77, 1, 11, '2019-01-15', '2018-10-15 08:43:02', 1, 0, 2019),
(78, 1, 12, '2019-01-16', '2018-10-15 08:43:02', 1, 0, 2019),
(79, 1, 13, '2019-01-17', '2018-10-15 08:43:02', 1, 0, 2019),
(80, 1, 14, '2019-01-18', '2018-10-15 08:43:02', 1, 0, 2019),
(81, 1, 15, '2019-01-21', '2018-10-15 08:43:02', 1, 0, 2019),
(82, 1, 16, '2019-01-22', '2018-10-15 08:43:02', 1, 0, 2019),
(83, 1, 17, '2019-01-23', '2018-10-15 08:43:02', 1, 0, 2019),
(84, 1, 18, '2019-01-24', '2018-10-15 08:43:02', 1, 0, 2019),
(85, 1, 19, '2019-01-25', '2018-10-15 08:43:02', 1, 0, 2019),
(86, 1, 20, '2019-01-28', '2018-10-15 08:43:02', 1, 0, 2019),
(87, 1, 21, '2019-01-29', '2018-10-15 08:43:02', 1, 0, 2019),
(88, 1, 22, '2019-01-30', '2018-10-15 08:43:02', 1, 0, 2019),
(89, 1, 23, '2019-01-31', '2018-10-15 08:43:02', 1, 0, 2019),
(90, 2, 1, '2019-02-01', '2018-10-15 08:43:20', 1, 0, 2019),
(91, 2, 2, '2019-02-04', '2018-10-15 08:43:20', 1, 0, 2019),
(92, 2, 3, '2019-02-05', '2018-10-15 08:43:20', 1, 0, 2019),
(93, 2, 4, '2019-02-06', '2018-10-15 08:43:20', 1, 0, 2019),
(94, 2, 5, '2019-02-07', '2018-10-15 08:43:20', 1, 0, 2019),
(95, 2, 6, '2019-02-08', '2018-10-15 08:43:20', 1, 0, 2019),
(96, 2, 7, '2019-02-11', '2018-10-15 08:43:20', 1, 0, 2019),
(97, 2, 8, '2019-02-12', '2018-10-15 08:43:20', 1, 0, 2019),
(98, 2, 9, '2019-02-13', '2018-10-15 08:43:20', 1, 0, 2019),
(99, 2, 10, '2019-02-14', '2018-10-15 08:43:20', 1, 0, 2019),
(100, 2, 11, '2019-02-15', '2018-10-15 08:43:20', 1, 0, 2019),
(101, 2, 12, '2019-02-18', '2018-10-15 08:43:20', 1, 0, 2019),
(102, 2, 13, '2019-02-19', '2018-10-15 08:43:20', 1, 0, 2019),
(103, 2, 14, '2019-02-20', '2018-10-15 08:43:20', 1, 0, 2019),
(104, 2, 15, '2019-02-21', '2018-10-15 08:43:20', 1, 0, 2019),
(105, 2, 16, '2019-02-22', '2018-10-15 08:43:20', 1, 0, 2019),
(106, 2, 17, '2019-02-25', '2018-10-15 08:43:20', 1, 0, 2019),
(107, 2, 18, '2019-02-26', '2018-10-15 08:43:20', 1, 0, 2019),
(108, 2, 19, '2019-02-27', '2018-10-15 08:43:20', 1, 0, 2019),
(109, 2, 20, '2019-02-28', '2018-10-15 08:43:20', 1, 0, 2019),
(110, 3, 1, '2019-03-01', '2018-10-15 08:43:25', 1, 0, 2019),
(111, 3, 2, '2019-03-04', '2018-10-15 08:43:25', 1, 0, 2019),
(112, 3, 3, '2019-03-05', '2018-10-15 08:43:25', 1, 0, 2019),
(113, 3, 4, '2019-03-06', '2018-10-15 08:43:25', 1, 0, 2019),
(114, 3, 5, '2019-03-07', '2018-10-15 08:43:25', 1, 0, 2019),
(115, 3, 6, '2019-03-08', '2018-10-15 08:43:25', 1, 0, 2019),
(116, 3, 7, '2019-03-11', '2018-10-15 08:43:25', 1, 0, 2019),
(117, 3, 8, '2019-03-12', '2018-10-15 08:43:25', 1, 0, 2019),
(118, 3, 9, '2019-03-13', '2018-10-15 08:43:25', 1, 0, 2019),
(119, 3, 10, '2019-03-14', '2018-10-15 08:43:25', 1, 0, 2019),
(120, 3, 11, '2019-03-15', '2018-10-15 08:43:25', 1, 0, 2019),
(121, 3, 12, '2019-03-18', '2018-10-15 08:43:25', 1, 0, 2019),
(122, 3, 13, '2019-03-19', '2018-10-15 08:43:25', 1, 0, 2019),
(123, 3, 14, '2019-03-20', '2018-10-15 08:43:25', 1, 0, 2019),
(124, 3, 15, '2019-03-21', '2018-10-15 08:43:25', 1, 0, 2019),
(125, 3, 16, '2019-03-22', '2018-10-15 08:43:25', 1, 0, 2019),
(126, 3, 17, '2019-03-25', '2018-10-15 08:43:25', 1, 0, 2019),
(127, 3, 18, '2019-03-26', '2018-10-15 08:43:25', 1, 0, 2019),
(128, 3, 19, '2019-03-27', '2018-10-15 08:43:25', 1, 0, 2019),
(129, 3, 20, '2019-03-28', '2018-10-15 08:43:25', 1, 0, 2019),
(130, 3, 21, '2019-03-29', '2018-10-15 08:43:25', 1, 0, 2019),
(131, 4, 1, '2019-04-01', '2018-10-15 08:43:31', 1, 0, 2019),
(132, 4, 2, '2019-04-02', '2018-10-15 08:43:31', 1, 0, 2019),
(133, 4, 3, '2019-04-03', '2018-10-15 08:43:31', 1, 0, 2019),
(134, 4, 4, '2019-04-04', '2018-10-15 08:43:31', 1, 0, 2019),
(135, 4, 5, '2019-04-05', '2018-10-15 08:43:31', 1, 0, 2019),
(136, 4, 6, '2019-04-08', '2018-10-15 08:43:31', 1, 0, 2019),
(137, 4, 7, '2019-04-09', '2018-10-15 08:43:31', 1, 0, 2019),
(138, 4, 8, '2019-04-10', '2018-10-15 08:43:31', 1, 0, 2019),
(139, 4, 9, '2019-04-11', '2018-10-15 08:43:31', 1, 0, 2019),
(140, 4, 10, '2019-04-12', '2018-10-15 08:43:31', 1, 0, 2019),
(141, 4, 11, '2019-04-15', '2018-10-15 08:43:31', 1, 0, 2019),
(142, 4, 12, '2019-04-16', '2018-10-15 08:43:31', 1, 0, 2019),
(143, 4, 13, '2019-04-17', '2018-10-15 08:43:31', 1, 0, 2019),
(144, 4, 14, '2019-04-18', '2018-10-15 08:43:31', 1, 0, 2019),
(145, 4, 15, '2019-04-19', '2018-10-15 08:43:31', 1, 0, 2019),
(146, 4, 16, '2019-04-22', '2018-10-15 08:43:31', 1, 0, 2019),
(147, 4, 17, '2019-04-23', '2018-10-15 08:43:31', 1, 0, 2019),
(148, 4, 18, '2019-04-24', '2018-10-15 08:43:31', 1, 0, 2019),
(149, 4, 19, '2019-04-25', '2018-10-15 08:43:31', 1, 0, 2019),
(150, 4, 20, '2019-04-26', '2018-10-15 08:43:31', 1, 0, 2019),
(151, 4, 21, '2019-04-29', '2018-10-15 08:43:31', 1, 0, 2019),
(152, 4, 22, '2019-04-30', '2018-10-15 08:43:31', 1, 0, 2019),
(153, 5, 1, '2019-05-01', '2018-10-15 08:43:39', 1, 0, 2019),
(154, 5, 2, '2019-05-02', '2018-10-15 08:43:39', 1, 0, 2019),
(155, 5, 3, '2019-05-03', '2018-10-15 08:43:39', 1, 0, 2019),
(156, 5, 4, '2019-05-06', '2018-10-15 08:43:39', 1, 0, 2019),
(157, 5, 5, '2019-05-07', '2018-10-15 08:43:39', 1, 0, 2019),
(158, 5, 6, '2019-05-08', '2018-10-15 08:43:39', 1, 0, 2019),
(159, 5, 7, '2019-05-09', '2018-10-15 08:43:39', 1, 0, 2019),
(160, 5, 8, '2019-05-10', '2018-10-15 08:43:39', 1, 0, 2019),
(161, 5, 9, '2019-05-13', '2018-10-15 08:43:39', 1, 0, 2019),
(162, 5, 10, '2019-05-14', '2018-10-15 08:43:39', 1, 0, 2019),
(163, 5, 11, '2019-05-15', '2018-10-15 08:43:39', 1, 0, 2019),
(164, 5, 12, '2019-05-16', '2018-10-15 08:43:39', 1, 0, 2019),
(165, 5, 13, '2019-05-17', '2018-10-15 08:43:39', 1, 0, 2019),
(166, 5, 14, '2019-05-20', '2018-10-15 08:43:39', 1, 0, 2019),
(167, 5, 15, '2019-05-21', '2018-10-15 08:43:39', 1, 0, 2019),
(168, 5, 16, '2019-05-22', '2018-10-15 08:43:39', 1, 0, 2019),
(169, 5, 17, '2019-05-23', '2018-10-15 08:43:39', 1, 0, 2019),
(170, 5, 18, '2019-05-24', '2018-10-15 08:43:39', 1, 0, 2019),
(171, 5, 19, '2019-05-27', '2018-10-15 08:43:39', 1, 0, 2019),
(172, 5, 20, '2019-05-28', '2018-10-15 08:43:39', 1, 0, 2019),
(173, 5, 21, '2019-05-29', '2018-10-15 08:43:39', 1, 0, 2019),
(174, 5, 22, '2019-05-30', '2018-10-15 08:43:39', 1, 0, 2019),
(175, 5, 23, '2019-05-31', '2018-10-15 08:43:39', 1, 0, 2019),
(176, 6, 1, '2019-06-03', '2018-10-15 08:43:44', 1, 0, 2019),
(177, 6, 2, '2019-06-04', '2018-10-15 08:43:44', 1, 0, 2019),
(178, 6, 3, '2019-06-05', '2018-10-15 08:43:44', 1, 0, 2019),
(179, 6, 4, '2019-06-06', '2018-10-15 08:43:44', 1, 0, 2019),
(180, 6, 5, '2019-06-07', '2018-10-15 08:43:44', 1, 0, 2019),
(181, 6, 6, '2019-06-10', '2018-10-15 08:43:44', 1, 0, 2019),
(182, 6, 7, '2019-06-11', '2018-10-15 08:43:44', 1, 0, 2019),
(183, 6, 8, '2019-06-12', '2018-10-15 08:43:44', 1, 0, 2019),
(184, 6, 9, '2019-06-13', '2018-10-15 08:43:44', 1, 0, 2019),
(185, 6, 10, '2019-06-14', '2018-10-15 08:43:44', 1, 0, 2019),
(186, 6, 11, '2019-06-17', '2018-10-15 08:43:44', 1, 0, 2019),
(187, 6, 12, '2019-06-18', '2018-10-15 08:43:44', 1, 0, 2019),
(188, 6, 13, '2019-06-19', '2018-10-15 08:43:44', 1, 0, 2019),
(189, 6, 14, '2019-06-20', '2018-10-15 08:43:44', 1, 0, 2019),
(190, 6, 15, '2019-06-21', '2018-10-15 08:43:44', 1, 0, 2019),
(191, 6, 16, '2019-06-24', '2018-10-15 08:43:44', 1, 0, 2019),
(192, 6, 17, '2019-06-25', '2018-10-15 08:43:44', 1, 0, 2019),
(193, 6, 18, '2019-06-26', '2018-10-15 08:43:44', 1, 0, 2019),
(194, 6, 19, '2019-06-27', '2018-10-15 08:43:44', 1, 0, 2019),
(195, 6, 20, '2019-06-28', '2018-10-15 08:43:44', 1, 0, 2019),
(196, 7, 1, '2019-07-01', '2018-10-15 08:43:54', 1, 0, 2019),
(197, 7, 2, '2019-07-02', '2018-10-15 08:43:54', 1, 0, 2019),
(198, 7, 3, '2019-07-03', '2018-10-15 08:43:54', 1, 0, 2019),
(199, 7, 4, '2019-07-04', '2018-10-15 08:43:54', 1, 0, 2019),
(200, 7, 5, '2019-07-05', '2018-10-15 08:43:54', 1, 0, 2019),
(201, 7, 6, '2019-07-08', '2018-10-15 08:43:54', 1, 0, 2019),
(202, 7, 7, '2019-07-09', '2018-10-15 08:43:54', 1, 0, 2019),
(203, 7, 8, '2019-07-10', '2018-10-15 08:43:54', 1, 0, 2019),
(204, 7, 9, '2019-07-11', '2018-10-15 08:43:54', 1, 0, 2019),
(205, 7, 10, '2019-07-12', '2018-10-15 08:43:54', 1, 0, 2019),
(206, 7, 11, '2019-07-15', '2018-10-15 08:43:54', 1, 0, 2019),
(207, 7, 12, '2019-07-16', '2018-10-15 08:43:54', 1, 0, 2019),
(208, 7, 13, '2019-07-17', '2018-10-15 08:43:54', 1, 0, 2019),
(209, 7, 14, '2019-07-18', '2018-10-15 08:43:54', 1, 0, 2019),
(210, 7, 15, '2019-07-19', '2018-10-15 08:43:54', 1, 0, 2019),
(211, 7, 16, '2019-07-22', '2018-10-15 08:43:54', 1, 0, 2019),
(212, 7, 17, '2019-07-23', '2018-10-15 08:43:54', 1, 0, 2019),
(213, 7, 18, '2019-07-24', '2018-10-15 08:43:54', 1, 0, 2019),
(214, 7, 19, '2019-07-25', '2018-10-15 08:43:54', 1, 0, 2019),
(215, 7, 20, '2019-07-26', '2018-10-15 08:43:54', 1, 0, 2019),
(216, 7, 21, '2019-07-29', '2018-10-15 08:43:54', 1, 0, 2019),
(217, 7, 22, '2019-07-30', '2018-10-15 08:43:54', 1, 0, 2019),
(218, 7, 23, '2019-07-31', '2018-10-15 08:43:54', 1, 0, 2019),
(219, 8, 1, '2019-08-01', '2018-10-15 08:44:05', 1, 0, 2019),
(220, 8, 2, '2019-08-02', '2018-10-15 08:44:05', 1, 0, 2019),
(221, 8, 3, '2019-08-05', '2018-10-15 08:44:05', 1, 0, 2019),
(222, 8, 4, '2019-08-06', '2018-10-15 08:44:05', 1, 0, 2019),
(223, 8, 5, '2019-08-07', '2018-10-15 08:44:05', 1, 0, 2019),
(224, 8, 6, '2019-08-08', '2018-10-15 08:44:05', 1, 0, 2019),
(225, 8, 7, '2019-08-09', '2018-10-15 08:44:05', 1, 0, 2019),
(226, 8, 8, '2019-08-12', '2018-10-15 08:44:05', 1, 0, 2019),
(227, 8, 9, '2019-08-13', '2018-10-15 08:44:05', 1, 0, 2019),
(228, 8, 10, '2019-08-14', '2018-10-15 08:44:05', 1, 0, 2019),
(229, 8, 11, '2019-08-15', '2018-10-15 08:44:05', 1, 0, 2019),
(230, 8, 12, '2019-08-16', '2018-10-15 08:44:05', 1, 0, 2019),
(231, 8, 13, '2019-08-19', '2018-10-15 08:44:05', 1, 0, 2019),
(232, 8, 14, '2019-08-20', '2018-10-15 08:44:05', 1, 0, 2019),
(233, 8, 15, '2019-08-21', '2018-10-15 08:44:05', 1, 0, 2019),
(234, 8, 16, '2019-08-22', '2018-10-15 08:44:05', 1, 0, 2019),
(235, 8, 17, '2019-08-23', '2018-10-15 08:44:06', 1, 0, 2019),
(236, 8, 18, '2019-08-26', '2018-10-15 08:44:06', 1, 0, 2019),
(237, 8, 19, '2019-08-27', '2018-10-15 08:44:06', 1, 0, 2019),
(238, 8, 20, '2019-08-28', '2018-10-15 08:44:06', 1, 0, 2019),
(239, 8, 21, '2019-08-29', '2018-10-15 08:44:06', 1, 0, 2019),
(240, 8, 22, '2019-08-30', '2018-10-15 08:44:06', 1, 0, 2019),
(241, 9, 1, '2019-09-02', '2018-10-15 08:44:13', 1, 0, 2019),
(242, 9, 2, '2019-09-03', '2018-10-15 08:44:13', 1, 0, 2019),
(243, 9, 3, '2019-09-04', '2018-10-15 08:44:13', 1, 0, 2019),
(244, 9, 4, '2019-09-05', '2018-10-15 08:44:13', 1, 0, 2019),
(245, 9, 5, '2019-09-06', '2018-10-15 08:44:13', 1, 0, 2019),
(246, 9, 6, '2019-09-09', '2018-10-15 08:44:13', 1, 0, 2019),
(247, 9, 7, '2019-09-10', '2018-10-15 08:44:13', 1, 0, 2019),
(248, 9, 8, '2019-09-11', '2018-10-15 08:44:13', 1, 0, 2019),
(249, 9, 9, '2019-09-12', '2018-10-15 08:44:13', 1, 0, 2019),
(250, 9, 10, '2019-09-13', '2018-10-15 08:44:13', 1, 0, 2019),
(251, 9, 11, '2019-09-16', '2018-10-15 08:44:13', 1, 0, 2019),
(252, 9, 12, '2019-09-17', '2018-10-15 08:44:13', 1, 0, 2019),
(253, 9, 13, '2019-09-18', '2018-10-15 08:44:13', 1, 0, 2019),
(254, 9, 14, '2019-09-19', '2018-10-15 08:44:13', 1, 0, 2019),
(255, 9, 15, '2019-09-20', '2018-10-15 08:44:13', 1, 0, 2019),
(256, 9, 16, '2019-09-23', '2018-10-15 08:44:13', 1, 0, 2019),
(257, 9, 17, '2019-09-24', '2018-10-15 08:44:13', 1, 0, 2019),
(258, 9, 18, '2019-09-25', '2018-10-15 08:44:13', 1, 0, 2019),
(259, 9, 19, '2019-09-26', '2018-10-15 08:44:13', 1, 0, 2019),
(260, 9, 20, '2019-09-27', '2018-10-15 08:44:13', 1, 0, 2019),
(261, 9, 21, '2019-09-30', '2018-10-15 08:44:13', 1, 0, 2019),
(262, 10, 1, '2019-10-01', '2018-10-15 08:44:23', 1, 0, 2019),
(263, 10, 2, '2019-10-02', '2018-10-15 08:44:23', 1, 0, 2019),
(264, 10, 3, '2019-10-03', '2018-10-15 08:44:23', 1, 0, 2019),
(265, 10, 4, '2019-10-04', '2018-10-15 08:44:23', 1, 0, 2019),
(266, 10, 5, '2019-10-07', '2018-10-15 08:44:23', 1, 0, 2019),
(267, 10, 6, '2019-10-08', '2018-10-15 08:44:23', 1, 0, 2019),
(268, 10, 7, '2019-10-09', '2018-10-15 08:44:23', 1, 0, 2019),
(269, 10, 8, '2019-10-10', '2018-10-15 08:44:23', 1, 0, 2019),
(270, 10, 9, '2019-10-11', '2018-10-15 08:44:23', 1, 0, 2019),
(271, 10, 10, '2019-10-14', '2018-10-15 08:44:23', 1, 0, 2019),
(272, 10, 11, '2019-10-15', '2018-10-15 08:44:23', 1, 0, 2019),
(273, 10, 12, '2019-10-16', '2018-10-15 08:44:23', 1, 0, 2019),
(274, 10, 13, '2019-10-17', '2018-10-15 08:44:23', 1, 0, 2019),
(275, 10, 14, '2019-10-18', '2018-10-15 08:44:23', 1, 0, 2019),
(276, 10, 15, '2019-10-21', '2018-10-15 08:44:23', 1, 0, 2019),
(277, 10, 16, '2019-10-22', '2018-10-15 08:44:23', 1, 0, 2019),
(278, 10, 17, '2019-10-23', '2018-10-15 08:44:23', 1, 0, 2019),
(279, 10, 18, '2019-10-24', '2018-10-15 08:44:23', 1, 0, 2019),
(280, 10, 19, '2019-10-25', '2018-10-15 08:44:23', 1, 0, 2019),
(281, 10, 20, '2019-10-28', '2018-10-15 08:44:23', 1, 0, 2019),
(282, 10, 21, '2019-10-29', '2018-10-15 08:44:23', 1, 0, 2019),
(283, 10, 22, '2019-10-30', '2018-10-15 08:44:23', 1, 0, 2019),
(284, 10, 23, '2019-10-31', '2018-10-15 08:44:23', 1, 0, 2019),
(285, 11, 1, '2019-11-01', '2018-10-15 08:44:32', 1, 0, 2019),
(286, 11, 2, '2019-11-04', '2018-10-15 08:44:32', 1, 0, 2019),
(287, 11, 3, '2019-11-05', '2018-10-15 08:44:32', 1, 0, 2019),
(288, 11, 4, '2019-11-06', '2018-10-15 08:44:32', 1, 0, 2019),
(289, 11, 5, '2019-11-07', '2018-10-15 08:44:32', 1, 0, 2019),
(290, 11, 6, '2019-11-08', '2018-10-15 08:44:32', 1, 0, 2019),
(291, 11, 7, '2019-11-11', '2018-10-15 08:44:32', 1, 0, 2019),
(292, 11, 8, '2019-11-12', '2018-10-15 08:44:32', 1, 0, 2019),
(293, 11, 9, '2019-11-13', '2018-10-15 08:44:32', 1, 0, 2019),
(294, 11, 10, '2019-11-14', '2018-10-15 08:44:32', 1, 0, 2019),
(295, 11, 11, '2019-11-15', '2018-10-15 08:44:32', 1, 0, 2019),
(296, 11, 12, '2019-11-18', '2018-10-15 08:44:32', 1, 0, 2019),
(297, 11, 13, '2019-11-19', '2018-10-15 08:44:32', 1, 0, 2019),
(298, 11, 14, '2019-11-20', '2018-10-15 08:44:32', 1, 0, 2019),
(299, 11, 15, '2019-11-21', '2018-10-15 08:44:32', 1, 0, 2019),
(300, 11, 16, '2019-11-22', '2018-10-15 08:44:32', 1, 0, 2019),
(301, 11, 17, '2019-11-25', '2018-10-15 08:44:32', 1, 0, 2019),
(302, 11, 18, '2019-11-26', '2018-10-15 08:44:32', 1, 0, 2019),
(303, 11, 19, '2019-11-27', '2018-10-15 08:44:32', 1, 0, 2019),
(304, 11, 20, '2019-11-28', '2018-10-15 08:44:32', 1, 0, 2019),
(305, 11, 21, '2019-11-29', '2018-10-15 08:44:32', 1, 0, 2019),
(306, 12, 1, '2019-12-02', '2018-10-15 08:44:43', 1, 0, 2019),
(307, 12, 2, '2019-12-03', '2018-10-15 08:44:43', 1, 0, 2019),
(308, 12, 3, '2019-12-04', '2018-10-15 08:44:43', 1, 0, 2019),
(309, 12, 4, '2019-12-05', '2018-10-15 08:44:43', 1, 0, 2019),
(310, 12, 5, '2019-12-06', '2018-10-15 08:44:43', 1, 0, 2019),
(311, 12, 6, '2019-12-09', '2018-10-15 08:44:43', 1, 0, 2019),
(312, 12, 7, '2019-12-10', '2018-10-15 08:44:43', 1, 0, 2019),
(313, 12, 8, '2019-12-11', '2018-10-15 08:44:43', 1, 0, 2019),
(314, 12, 9, '2019-12-12', '2018-10-15 08:44:43', 1, 0, 2019),
(315, 12, 10, '2019-12-13', '2018-10-15 08:44:43', 1, 0, 2019),
(316, 12, 11, '2019-12-16', '2018-10-15 08:44:43', 1, 0, 2019),
(317, 12, 12, '2019-12-17', '2018-10-15 08:44:43', 1, 0, 2019),
(318, 12, 13, '2019-12-18', '2018-10-15 08:44:43', 1, 0, 2019),
(319, 12, 14, '2019-12-19', '2018-10-15 08:44:43', 1, 0, 2019),
(320, 12, 15, '2019-12-20', '2018-10-15 08:44:43', 1, 0, 2019),
(321, 12, 16, '2019-12-23', '2018-10-15 08:44:43', 1, 0, 2019),
(322, 12, 17, '2019-12-24', '2018-10-15 08:44:43', 1, 0, 2019),
(323, 12, 18, '2019-12-25', '2018-10-15 08:44:43', 1, 0, 2019),
(324, 12, 19, '2019-12-26', '2018-10-15 08:44:43', 1, 0, 2019),
(325, 12, 20, '2019-12-27', '2018-10-15 08:44:43', 1, 0, 2019),
(326, 12, 21, '2019-12-30', '2018-10-15 08:44:43', 1, 0, 2019),
(327, 12, 22, '2019-12-31', '2018-10-15 08:44:43', 1, 0, 2019);

-- --------------------------------------------------------

--
-- Struktur dari tabel `config`
--

CREATE TABLE IF NOT EXISTS `config` (
  `config_id` int(11) NOT NULL AUTO_INCREMENT,
  `type` varchar(50) NOT NULL,
  `web_title` text NOT NULL,
  `web_name` text NOT NULL,
  `web_url` text NOT NULL,
  `logo` text NOT NULL,
  `footer_desc` text NOT NULL,
  `web_desc` text NOT NULL,
  `username` varchar(50) NOT NULL,
  `password` text NOT NULL,
  `theme` varchar(20) NOT NULL,
  `loginimg` varchar(100) NOT NULL,
  PRIMARY KEY (`config_id`)
) ENGINE=MyISAM  DEFAULT CHARSET=latin1 AUTO_INCREMENT=2 ;

--
-- Dumping data untuk tabel `config`
--

INSERT INTO `config` (`config_id`, `type`, `web_title`, `web_name`, `web_url`, `logo`, `footer_desc`, `web_desc`, `username`, `password`, `theme`, `loginimg`) VALUES
(1, 'home_1', 'Ecocare CMS', 'codepen', 'http://www.codelabs.co.id', 'logo1.png', 'CodeLabs Indonesia. All Rights reserved.', 'CMS Template by Codelabs', 'codelabs_ind', '2a2c3120e90dee78add1481a0ffdadc8', 'lightblue.css', 'EcoFriendly1.jpg');

-- --------------------------------------------------------

--
-- Struktur dari tabel `contract`
--

CREATE TABLE IF NOT EXISTS `contract` (
  `contract_id` int(11) NOT NULL AUTO_INCREMENT,
  `branch_id` int(11) NOT NULL,
  `contract_no` varchar(50) NOT NULL,
  `contract_date` date NOT NULL,
  `contract_purpose` enum('1','2','3','4','5','6','7') NOT NULL COMMENT '1=install, 2=service, 3=replace, 4=termination, 5=complain, 6=trial, 7=do',
  `contract_period` int(11) NOT NULL COMMENT 'in month',
  `customer_id` int(11) NOT NULL,
  `address_id` int(11) NOT NULL,
  `install_date` date NOT NULL,
  `working_day` int(11) NOT NULL,
  `contract_note` text NOT NULL,
  `contract_payment` int(11) NOT NULL COMMENT 'How many times the payment in a year',
  `created_date` datetime NOT NULL,
  `created_by` int(11) NOT NULL,
  `assign_status` enum('0','1') NOT NULL DEFAULT '0' COMMENT '1=verified',
  `terminate` enum('0','1') NOT NULL DEFAULT '0' COMMENT '1=terminate',
  `renew` enum('0','1') NOT NULL,
  `deleted` enum('0','1') NOT NULL DEFAULT '0',
  PRIMARY KEY (`contract_id`)
) ENGINE=InnoDB  DEFAULT CHARSET=latin1 AUTO_INCREMENT=29 ;

--
-- Dumping data untuk tabel `contract`
--

INSERT INTO `contract` (`contract_id`, `branch_id`, `contract_no`, `contract_date`, `contract_purpose`, `contract_period`, `customer_id`, `address_id`, `install_date`, `working_day`, `contract_note`, `contract_payment`, `created_date`, `created_by`, `assign_status`, `terminate`, `renew`, `deleted`) VALUES
(1, 1, 'Contact Sample', '2019-02-14', '1', 12, 2, 1, '0000-00-00', 0, '', 12, '2019-03-26 22:46:22', 1, '0', '0', '0', '0'),
(2, 1, 'Contact Sample', '2019-02-14', '1', 12, 2, 1, '0000-00-00', 0, '', 12, '2019-03-26 22:46:22', 1, '0', '0', '0', '0'),
(3, 1, 'Contact Sample', '2019-02-14', '1', 12, 2, 1, '0000-00-00', 0, '', 12, '2019-03-26 22:46:22', 1, '0', '0', '0', '0'),
(4, 1, 'Contact Sample', '2019-02-14', '1', 12, 2, 1, '0000-00-00', 0, '', 12, '2019-03-26 22:46:35', 1, '0', '0', '0', '0'),
(5, 1, 'Contact Sample', '2019-02-14', '1', 12, 2, 1, '0000-00-00', 0, '', 12, '2019-03-26 22:46:35', 1, '0', '0', '0', '0'),
(6, 1, 'Contact Sample', '2019-02-14', '1', 12, 2, 1, '0000-00-00', 0, '', 12, '2019-03-26 22:46:35', 1, '0', '0', '0', '0'),
(7, 1, 'Contact Sample', '2019-02-14', '1', 12, 2, 1, '0000-00-00', 0, '', 12, '2019-03-26 22:53:41', 1, '0', '0', '0', '0'),
(8, 1, 'Contact Sample', '2019-02-14', '1', 12, 2, 1, '0000-00-00', 0, '', 12, '2019-03-26 22:53:41', 1, '0', '0', '0', '0'),
(9, 1, 'Contact Sample', '2019-02-14', '1', 12, 2, 1, '0000-00-00', 0, '', 12, '2019-03-26 22:53:41', 1, '0', '0', '0', '0'),
(10, 1, 'Contact Sample', '2019-02-14', '1', 12, 2, 1, '0000-00-00', 0, '', 12, '2019-03-26 22:57:48', 1, '0', '0', '0', '0'),
(11, 1, 'Contact Sample', '2019-02-14', '1', 12, 2, 1, '0000-00-00', 0, '', 12, '2019-03-26 22:57:48', 1, '0', '0', '0', '0'),
(12, 1, 'Contact Sample', '2019-02-14', '1', 12, 2, 1, '0000-00-00', 0, '', 12, '2019-03-26 22:57:48', 1, '0', '0', '0', '0'),
(13, 0, 'Contract No', '0000-00-00', '', 0, 0, 0, '0000-00-00', 0, '', 0, '2019-03-26 23:11:07', 1, '0', '0', '0', '0'),
(14, 1, 'Contact Sample', '2019-02-14', '1', 12, 2, 1, '0000-00-00', 0, '', 12, '2019-03-26 23:11:07', 1, '0', '0', '0', '0'),
(15, 1, 'Contact Sample', '2019-02-14', '1', 12, 2, 1, '0000-00-00', 0, '', 12, '2019-03-26 23:11:07', 1, '0', '0', '0', '0'),
(16, 1, 'Contact Sample', '2019-02-14', '1', 12, 2, 1, '0000-00-00', 0, '', 12, '2019-03-26 23:11:07', 1, '0', '0', '0', '0'),
(17, 1, 'Contact Sample', '2019-02-14', '1', 12, 2, 1, '0000-00-00', 0, '', 12, '2019-03-26 23:15:34', 1, '0', '0', '0', '0'),
(18, 1, 'Contact Sample', '2019-02-14', '1', 12, 2, 1, '0000-00-00', 0, '', 12, '2019-03-26 23:15:34', 1, '0', '0', '0', '0'),
(19, 1, 'Contact Sample', '2019-02-14', '1', 12, 2, 1, '0000-00-00', 0, '', 12, '2019-03-26 23:15:34', 1, '0', '0', '0', '0'),
(20, 1, '1261/BCC', '2018-04-28', '1', 12, 131, 120, '2018-04-28', 18, '', 12, '2019-03-27 07:54:25', 1, '1', '0', '0', '0'),
(21, 1, '1263/BCC/XII-16/01', '2018-12-19', '1', 12, 132, 121, '2018-12-19', 18, '', 12, '2019-03-27 09:21:15', 1, '1', '0', '0', '0'),
(22, 1, '1374/BCC/VII-18/01', '2018-07-23', '1', 12, 133, 122, '2018-07-23', 19, '', 1, '2019-03-27 15:42:02', 1, '1', '0', '0', '0'),
(23, 1, '850/Group/XII-15/00', '2018-12-14', '1', 12, 130, 119, '2018-12-14', 17, '', 12, '2019-03-27 15:42:50', 1, '1', '0', '0', '0'),
(24, 1, '1015/JKT-1/II-13/03', '2019-03-01', '1', 12, 251, 235, '2019-03-01', 18, '', 12, '2019-03-27 15:57:14', 1, '1', '0', '0', '0'),
(25, 1, '0171/JKT-1/IV-08/05', '2018-04-05', '1', 12, 252, 236, '2018-04-05', 18, '', 12, '2019-03-27 16:09:36', 1, '1', '0', '0', '0'),
(26, 1, '1375/Codelabs/BCC/03', '2019-03-31', '1', 12, 17, 9, '2019-04-01', 2, '', 1, '2019-03-27 23:29:43', 1, '1', '0', '0', '0'),
(27, 1, '1197/BCC/I-16/01', '2019-02-01', '1', 12, 253, 213, '2019-03-05', 18, '', 4, '2019-03-28 04:49:03', 1, '1', '0', '0', '0'),
(28, 1, '2121/JKT-2/II-17/01', '2019-02-02', '1', 12, 61, 53, '2019-02-02', 18, '', 12, '2019-03-28 04:49:37', 1, '1', '0', '0', '0');

-- --------------------------------------------------------

--
-- Struktur dari tabel `contract_detail`
--

CREATE TABLE IF NOT EXISTS `contract_detail` (
  `contract_detail_id` int(11) NOT NULL AUTO_INCREMENT,
  `contract_id` int(11) NOT NULL,
  `contract_type` enum('1','2') NOT NULL COMMENT '1=package, 2=product',
  `package_id` int(11) NOT NULL,
  `product_id` int(11) NOT NULL,
  `amount` int(11) NOT NULL,
  `product_package_qty` int(11) NOT NULL,
  `price` double NOT NULL,
  `status` enum('1','2','3','4') NOT NULL COMMENT '1=instal, 2=trial, 3=do, 4=request',
  `created_date` datetime NOT NULL,
  `created_by` int(11) NOT NULL,
  `update_date` timestamp NOT NULL DEFAULT CURRENT_TIMESTAMP ON UPDATE CURRENT_TIMESTAMP,
  `update_by` int(11) NOT NULL,
  `deleted` enum('0','1') NOT NULL DEFAULT '0',
  PRIMARY KEY (`contract_detail_id`)
) ENGINE=InnoDB  DEFAULT CHARSET=latin1 AUTO_INCREMENT=135 ;

--
-- Dumping data untuk tabel `contract_detail`
--

INSERT INTO `contract_detail` (`contract_detail_id`, `contract_id`, `contract_type`, `package_id`, `product_id`, `amount`, `product_package_qty`, `price`, `status`, `created_date`, `created_by`, `update_date`, `update_by`, `deleted`) VALUES
(1, 1, '2', 0, 1, 10, 0, 1000, '1', '2019-03-19 22:46:22', 1, '2019-03-27 02:46:22', 0, '0'),
(2, 1, '2', 0, 3, 2, 0, 12000, '1', '2019-03-19 22:46:22', 1, '2019-03-27 02:46:22', 0, '0'),
(3, 1, '2', 0, 21, 25, 0, 100, '1', '2019-03-19 22:46:22', 1, '2019-03-27 02:46:22', 0, '0'),
(4, 1, '1', 4, 0, 0, 1, 20000, '1', '2019-03-19 22:46:22', 1, '2019-03-27 02:46:22', 0, '0'),
(5, 1, '1', 1, 0, 0, 10, 200, '1', '2019-03-19 22:46:22', 1, '2019-03-27 02:46:22', 0, '0'),
(6, 1, '1', 9, 0, 0, 27, 90000, '1', '2019-03-19 22:46:22', 1, '2019-03-27 02:46:22', 0, '0'),
(7, 2, '2', 0, 1, 10, 0, 1000, '1', '2019-03-19 22:46:22', 1, '2019-03-27 02:46:22', 0, '0'),
(8, 2, '2', 0, 3, 2, 0, 12000, '1', '2019-03-19 22:46:22', 1, '2019-03-27 02:46:22', 0, '0'),
(9, 2, '2', 0, 21, 25, 0, 100, '1', '2019-03-19 22:46:22', 1, '2019-03-27 02:46:22', 0, '0'),
(10, 2, '1', 4, 0, 0, 1, 20000, '1', '2019-03-19 22:46:22', 1, '2019-03-27 02:46:22', 0, '0'),
(11, 2, '1', 1, 0, 0, 10, 200, '1', '2019-03-19 22:46:22', 1, '2019-03-27 02:46:22', 0, '0'),
(12, 2, '1', 9, 0, 0, 27, 90000, '1', '2019-03-19 22:46:22', 1, '2019-03-27 02:46:22', 0, '0'),
(13, 3, '2', 0, 1, 10, 0, 1000, '1', '2019-03-19 22:46:22', 1, '2019-03-27 02:46:22', 0, '0'),
(14, 3, '2', 0, 3, 2, 0, 12000, '1', '2019-03-19 22:46:22', 1, '2019-03-27 02:46:22', 0, '0'),
(15, 3, '2', 0, 21, 25, 0, 100, '1', '2019-03-19 22:46:22', 1, '2019-03-27 02:46:22', 0, '0'),
(16, 3, '1', 4, 0, 0, 1, 20000, '1', '2019-03-19 22:46:22', 1, '2019-03-27 02:46:22', 0, '0'),
(17, 3, '1', 1, 0, 0, 10, 200, '1', '2019-03-19 22:46:22', 1, '2019-03-27 02:46:22', 0, '0'),
(18, 3, '1', 9, 0, 0, 27, 90000, '1', '2019-03-19 22:46:22', 1, '2019-03-27 02:46:22', 0, '0'),
(19, 4, '2', 0, 1, 10, 0, 1000, '1', '2019-03-19 22:46:35', 1, '2019-03-27 02:46:35', 0, '0'),
(20, 4, '2', 0, 3, 2, 0, 12000, '1', '2019-03-19 22:46:35', 1, '2019-03-27 02:46:35', 0, '0'),
(21, 4, '2', 0, 21, 25, 0, 100, '1', '2019-03-19 22:46:35', 1, '2019-03-27 02:46:35', 0, '0'),
(22, 4, '1', 4, 0, 0, 1, 20000, '1', '2019-03-19 22:46:35', 1, '2019-03-27 02:46:35', 0, '0'),
(23, 4, '1', 1, 0, 0, 10, 200, '1', '2019-03-19 22:46:35', 1, '2019-03-27 02:46:35', 0, '0'),
(24, 4, '1', 9, 0, 0, 27, 90000, '1', '2019-03-19 22:46:35', 1, '2019-03-27 02:46:35', 0, '0'),
(25, 5, '2', 0, 1, 10, 0, 1000, '1', '2019-03-19 22:46:35', 1, '2019-03-27 02:46:35', 0, '0'),
(26, 5, '2', 0, 3, 2, 0, 12000, '1', '2019-03-19 22:46:35', 1, '2019-03-27 02:46:35', 0, '0'),
(27, 5, '2', 0, 21, 25, 0, 100, '1', '2019-03-19 22:46:35', 1, '2019-03-27 02:46:35', 0, '0'),
(28, 5, '1', 4, 0, 0, 1, 20000, '1', '2019-03-19 22:46:35', 1, '2019-03-27 02:46:35', 0, '0'),
(29, 5, '1', 1, 0, 0, 10, 200, '1', '2019-03-19 22:46:35', 1, '2019-03-27 02:46:35', 0, '0'),
(30, 5, '1', 9, 0, 0, 27, 90000, '1', '2019-03-19 22:46:35', 1, '2019-03-27 02:46:35', 0, '0'),
(31, 6, '2', 0, 1, 10, 0, 1000, '1', '2019-03-19 22:46:35', 1, '2019-03-27 02:46:35', 0, '0'),
(32, 6, '2', 0, 3, 2, 0, 12000, '1', '2019-03-19 22:46:35', 1, '2019-03-27 02:46:35', 0, '0'),
(33, 6, '2', 0, 21, 25, 0, 100, '1', '2019-03-19 22:46:35', 1, '2019-03-27 02:46:35', 0, '0'),
(34, 6, '1', 4, 0, 0, 1, 20000, '1', '2019-03-19 22:46:35', 1, '2019-03-27 02:46:35', 0, '0'),
(35, 6, '1', 1, 0, 0, 10, 200, '1', '2019-03-19 22:46:35', 1, '2019-03-27 02:46:35', 0, '0'),
(36, 6, '1', 9, 0, 0, 27, 90000, '1', '2019-03-19 22:46:35', 1, '2019-03-27 02:46:35', 0, '0'),
(37, 7, '2', 0, 1, 10, 0, 1000, '1', '2019-03-19 22:53:41', 1, '2019-03-27 02:53:41', 0, '0'),
(38, 7, '2', 0, 3, 2, 0, 12000, '1', '2019-03-19 22:53:41', 1, '2019-03-27 02:53:41', 0, '0'),
(39, 7, '2', 0, 21, 25, 0, 100, '1', '2019-03-19 22:53:41', 1, '2019-03-27 02:53:41', 0, '0'),
(40, 7, '1', 4, 0, 0, 1, 20000, '1', '2019-03-19 22:53:41', 1, '2019-03-27 02:53:41', 0, '0'),
(41, 7, '1', 1, 0, 0, 10, 200, '1', '2019-03-19 22:53:41', 1, '2019-03-27 02:53:41', 0, '0'),
(42, 7, '1', 9, 0, 0, 27, 90000, '1', '2019-03-19 22:53:41', 1, '2019-03-27 02:53:41', 0, '0'),
(43, 8, '2', 0, 1, 10, 0, 1000, '1', '2019-03-19 22:53:41', 1, '2019-03-27 02:53:41', 0, '0'),
(44, 8, '2', 0, 3, 2, 0, 12000, '1', '2019-03-19 22:53:41', 1, '2019-03-27 02:53:41', 0, '0'),
(45, 8, '2', 0, 21, 25, 0, 100, '1', '2019-03-19 22:53:41', 1, '2019-03-27 02:53:41', 0, '0'),
(46, 8, '1', 4, 0, 0, 1, 20000, '1', '2019-03-19 22:53:41', 1, '2019-03-27 02:53:41', 0, '0'),
(47, 8, '1', 1, 0, 0, 10, 200, '1', '2019-03-19 22:53:41', 1, '2019-03-27 02:53:41', 0, '0'),
(48, 8, '1', 9, 0, 0, 27, 90000, '1', '2019-03-19 22:53:41', 1, '2019-03-27 02:53:41', 0, '0'),
(49, 9, '2', 0, 1, 10, 0, 1000, '1', '2019-03-19 22:53:41', 1, '2019-03-27 02:53:41', 0, '0'),
(50, 9, '2', 0, 3, 2, 0, 12000, '1', '2019-03-19 22:53:41', 1, '2019-03-27 02:53:41', 0, '0'),
(51, 9, '2', 0, 21, 25, 0, 100, '1', '2019-03-19 22:53:41', 1, '2019-03-27 02:53:41', 0, '0'),
(52, 9, '1', 4, 0, 0, 1, 20000, '1', '2019-03-19 22:53:41', 1, '2019-03-27 02:53:41', 0, '0'),
(53, 9, '1', 1, 0, 0, 10, 200, '1', '2019-03-19 22:53:41', 1, '2019-03-27 02:53:41', 0, '0'),
(54, 9, '1', 9, 0, 0, 27, 90000, '1', '2019-03-19 22:53:41', 1, '2019-03-27 02:53:41', 0, '0'),
(55, 10, '2', 0, 1, 10, 0, 1000, '1', '2019-03-19 22:57:48', 1, '2019-03-27 02:57:48', 0, '0'),
(56, 10, '2', 0, 3, 2, 0, 12000, '1', '2019-03-19 22:57:48', 1, '2019-03-27 02:57:48', 0, '0'),
(57, 10, '2', 0, 21, 25, 0, 100, '1', '2019-03-19 22:57:48', 1, '2019-03-27 02:57:48', 0, '0'),
(58, 10, '1', 4, 0, 0, 1, 20000, '1', '2019-03-19 22:57:48', 1, '2019-03-27 02:57:48', 0, '0'),
(59, 10, '1', 1, 0, 0, 10, 200, '1', '2019-03-19 22:57:48', 1, '2019-03-27 02:57:48', 0, '0'),
(60, 10, '1', 9, 0, 0, 27, 90000, '1', '2019-03-19 22:57:48', 1, '2019-03-27 02:57:48', 0, '0'),
(61, 11, '2', 0, 1, 10, 0, 1000, '1', '2019-03-19 22:57:48', 1, '2019-03-27 02:57:48', 0, '0'),
(62, 11, '2', 0, 3, 2, 0, 12000, '1', '2019-03-19 22:57:48', 1, '2019-03-27 02:57:48', 0, '0'),
(63, 11, '2', 0, 21, 25, 0, 100, '1', '2019-03-19 22:57:48', 1, '2019-03-27 02:57:48', 0, '0'),
(64, 11, '1', 4, 0, 0, 1, 20000, '1', '2019-03-19 22:57:48', 1, '2019-03-27 02:57:48', 0, '0'),
(65, 11, '1', 1, 0, 0, 10, 200, '1', '2019-03-19 22:57:48', 1, '2019-03-27 02:57:48', 0, '0'),
(66, 11, '1', 9, 0, 0, 27, 90000, '1', '2019-03-19 22:57:48', 1, '2019-03-27 02:57:48', 0, '0'),
(67, 12, '2', 0, 1, 10, 0, 1000, '1', '2019-03-19 22:57:48', 1, '2019-03-27 02:57:48', 0, '0'),
(68, 12, '2', 0, 3, 2, 0, 12000, '1', '2019-03-19 22:57:48', 1, '2019-03-27 02:57:48', 0, '0'),
(69, 12, '2', 0, 21, 25, 0, 100, '1', '2019-03-19 22:57:48', 1, '2019-03-27 02:57:48', 0, '0'),
(70, 12, '1', 4, 0, 0, 1, 20000, '1', '2019-03-19 22:57:48', 1, '2019-03-27 02:57:48', 0, '0'),
(71, 12, '1', 1, 0, 0, 10, 200, '1', '2019-03-19 22:57:48', 1, '2019-03-27 02:57:48', 0, '0'),
(72, 12, '1', 9, 0, 0, 27, 90000, '1', '2019-03-19 22:57:48', 1, '2019-03-27 02:57:48', 0, '0'),
(73, 13, '2', 0, 0, 0, 0, 0, '1', '2019-03-19 23:11:07', 1, '2019-03-27 03:11:07', 0, '0'),
(74, 13, '1', 0, 0, 0, 0, 0, '1', '2019-03-19 23:11:07', 1, '2019-03-27 03:11:07', 0, '0'),
(75, 14, '2', 0, 1, 10, 0, 1000, '1', '2019-03-19 23:11:07', 1, '2019-03-27 03:11:07', 0, '0'),
(76, 14, '2', 0, 3, 2, 0, 12000, '1', '2019-03-19 23:11:07', 1, '2019-03-27 03:11:07', 0, '0'),
(77, 14, '2', 0, 21, 25, 0, 100, '1', '2019-03-19 23:11:07', 1, '2019-03-27 03:11:07', 0, '0'),
(78, 14, '1', 4, 0, 0, 1, 20000, '1', '2019-03-19 23:11:07', 1, '2019-03-27 03:11:07', 0, '0'),
(79, 14, '1', 1, 0, 0, 10, 200, '1', '2019-03-19 23:11:07', 1, '2019-03-27 03:11:07', 0, '0'),
(80, 14, '1', 9, 0, 0, 27, 90000, '1', '2019-03-19 23:11:07', 1, '2019-03-27 03:11:07', 0, '0'),
(81, 15, '2', 0, 1, 10, 0, 1000, '1', '2019-03-19 23:11:07', 1, '2019-03-27 03:11:07', 0, '0'),
(82, 15, '2', 0, 3, 2, 0, 12000, '1', '2019-03-19 23:11:07', 1, '2019-03-27 03:11:07', 0, '0'),
(83, 15, '2', 0, 21, 25, 0, 100, '1', '2019-03-19 23:11:07', 1, '2019-03-27 03:11:07', 0, '0'),
(84, 15, '1', 4, 0, 0, 1, 20000, '1', '2019-03-19 23:11:07', 1, '2019-03-27 03:11:07', 0, '0'),
(85, 15, '1', 1, 0, 0, 10, 200, '1', '2019-03-19 23:11:07', 1, '2019-03-27 03:11:07', 0, '0'),
(86, 15, '1', 9, 0, 0, 27, 90000, '1', '2019-03-19 23:11:07', 1, '2019-03-27 03:11:07', 0, '0'),
(87, 16, '2', 0, 1, 10, 0, 1000, '1', '2019-03-19 23:11:07', 1, '2019-03-27 03:11:07', 0, '0'),
(88, 16, '2', 0, 3, 2, 0, 12000, '1', '2019-03-19 23:11:07', 1, '2019-03-27 03:11:07', 0, '0'),
(89, 16, '2', 0, 21, 25, 0, 100, '1', '2019-03-19 23:11:07', 1, '2019-03-27 03:11:07', 0, '0'),
(90, 16, '1', 4, 0, 0, 1, 20000, '1', '2019-03-19 23:11:07', 1, '2019-03-27 03:11:07', 0, '0'),
(91, 16, '1', 1, 0, 0, 10, 200, '1', '2019-03-19 23:11:07', 1, '2019-03-27 03:11:07', 0, '0'),
(92, 16, '1', 9, 0, 0, 27, 90000, '1', '2019-03-19 23:11:07', 1, '2019-03-27 03:11:07', 0, '0'),
(93, 17, '2', 0, 1, 10, 0, 1000, '1', '2019-03-19 23:15:34', 1, '2019-03-27 03:15:34', 0, '0'),
(94, 17, '2', 0, 3, 2, 0, 12000, '1', '2019-03-19 23:15:34', 1, '2019-03-27 03:15:34', 0, '0'),
(95, 17, '2', 0, 21, 25, 0, 100, '1', '2019-03-19 23:15:34', 1, '2019-03-27 03:15:34', 0, '0'),
(96, 17, '1', 4, 0, 0, 1, 20000, '1', '2019-03-19 23:15:34', 1, '2019-03-27 03:15:34', 0, '0'),
(97, 17, '1', 1, 0, 0, 10, 200, '1', '2019-03-19 23:15:34', 1, '2019-03-27 03:15:34', 0, '0'),
(98, 17, '1', 9, 0, 0, 27, 90000, '1', '2019-03-19 23:15:34', 1, '2019-03-27 03:15:34', 0, '0'),
(99, 18, '2', 0, 1, 10, 0, 1000, '1', '2019-03-19 23:15:34', 1, '2019-03-27 03:15:34', 0, '0'),
(100, 18, '2', 0, 3, 2, 0, 12000, '1', '2019-03-19 23:15:34', 1, '2019-03-27 03:15:34', 0, '0'),
(101, 18, '2', 0, 21, 25, 0, 100, '1', '2019-03-19 23:15:34', 1, '2019-03-27 03:15:34', 0, '0'),
(102, 18, '1', 4, 0, 0, 1, 20000, '1', '2019-03-19 23:15:34', 1, '2019-03-27 03:15:34', 0, '0'),
(103, 18, '1', 1, 0, 0, 10, 200, '1', '2019-03-19 23:15:34', 1, '2019-03-27 03:15:34', 0, '0'),
(104, 18, '1', 9, 0, 0, 27, 90000, '1', '2019-03-19 23:15:34', 1, '2019-03-27 03:15:34', 0, '0'),
(105, 19, '2', 0, 1, 10, 0, 1000, '1', '2019-03-19 23:15:34', 1, '2019-03-27 03:15:34', 0, '0'),
(106, 19, '2', 0, 3, 2, 0, 12000, '1', '2019-03-19 23:15:34', 1, '2019-03-27 03:15:34', 0, '0'),
(107, 19, '2', 0, 21, 25, 0, 100, '1', '2019-03-19 23:15:34', 1, '2019-03-27 03:15:34', 0, '0'),
(108, 19, '1', 4, 0, 0, 1, 20000, '1', '2019-03-19 23:15:34', 1, '2019-03-27 03:15:34', 0, '0'),
(109, 19, '1', 1, 0, 0, 10, 200, '1', '2019-03-19 23:15:34', 1, '2019-03-27 03:15:34', 0, '0'),
(110, 19, '1', 9, 0, 0, 27, 90000, '1', '2019-03-19 23:15:34', 1, '2019-03-27 03:15:34', 0, '0'),
(111, 20, '1', 2, 0, 0, 16, 6000000, '1', '2019-03-27 07:43:41', 1, '2019-03-27 11:43:41', 0, '0'),
(112, 20, '1', 3, 0, 0, 18, 10000000, '1', '2019-03-27 07:43:41', 1, '2019-03-27 11:43:41', 0, '0'),
(113, 20, '1', 6, 0, 0, 14, 12000000, '1', '2019-03-27 07:43:41', 1, '2019-03-27 11:43:41', 0, '0'),
(114, 20, '1', 34, 0, 0, 7, 0, '1', '2019-03-27 07:54:25', 1, '2019-03-27 11:54:25', 0, '0'),
(115, 20, '1', 37, 0, 0, 6, 12000000, '1', '2019-03-27 07:52:33', 1, '2019-03-27 11:52:33', 0, '0'),
(116, 21, '1', 6, 0, 0, 2, 800000, '1', '2019-03-27 09:00:17', 1, '2019-03-27 13:00:17', 0, '0'),
(117, 22, '1', 33, 0, 0, 8, 4000000, '1', '2019-03-27 10:42:47', 1, '2019-03-27 14:42:47', 0, '0'),
(118, 22, '1', 34, 0, 0, 4, 2600000, '1', '2019-03-27 10:42:47', 1, '2019-03-27 14:42:47', 0, '0'),
(119, 23, '1', 11, 0, 0, 4, 2000000, '1', '2019-03-27 15:17:33', 1, '2019-03-27 19:17:33', 0, '0'),
(120, 24, '1', 6, 0, 0, 32, 12175000, '1', '2019-03-27 15:56:19', 1, '2019-03-27 19:56:19', 0, '0'),
(121, 25, '1', 20, 0, 0, 3, 2400000, '1', '2019-03-27 16:08:50', 1, '2019-03-27 20:08:50', 0, '0'),
(122, 26, '1', 1, 0, 0, 1, 100, '1', '2019-03-27 23:25:14', 1, '2019-03-28 03:25:14', 0, '0'),
(123, 26, '1', 2, 0, 0, 2, 200, '1', '2019-03-27 23:25:14', 1, '2019-03-28 03:25:14', 0, '0'),
(124, 26, '1', 3, 0, 0, 3, 300, '1', '2019-03-27 23:25:14', 1, '2019-03-28 03:25:14', 0, '0'),
(125, 26, '1', 4, 0, 0, 4, 400, '1', '2019-03-27 23:25:14', 1, '2019-03-28 03:25:14', 0, '0'),
(126, 26, '1', 5, 0, 0, 5, 500, '1', '2019-03-27 23:25:14', 1, '2019-03-28 03:25:14', 0, '0'),
(127, 26, '1', 6, 0, 0, 6, 600, '1', '2019-03-27 23:25:14', 1, '2019-03-28 03:25:14', 0, '0'),
(128, 26, '1', 7, 0, 0, 7, 700, '1', '2019-03-27 23:25:14', 1, '2019-03-28 03:25:14', 0, '0'),
(129, 26, '1', 8, 0, 0, 8, 800, '1', '2019-03-27 23:25:14', 1, '2019-03-28 03:25:14', 0, '0'),
(130, 26, '1', 9, 0, 0, 9, 900, '1', '2019-03-27 23:25:14', 1, '2019-03-28 03:25:14', 0, '0'),
(131, 27, '2', 0, 26, 800000, 0, 2, '1', '2019-03-28 03:30:51', 1, '2019-03-28 07:30:51', 0, '0'),
(132, 27, '1', 17, 0, 0, 4, 1200000, '1', '2019-03-28 03:30:51', 1, '2019-03-28 07:30:51', 0, '0'),
(133, 28, '2', 0, 10, 2800000, 0, 7, '1', '2019-03-28 04:36:03', 1, '2019-03-28 08:39:39', 0, '1'),
(134, 28, '1', 9, 0, 0, 7, 0, '1', '2019-03-28 04:44:30', 1, '2019-03-28 08:44:30', 0, '0');

-- --------------------------------------------------------

--
-- Struktur dari tabel `contract_history`
--

CREATE TABLE IF NOT EXISTS `contract_history` (
  `contract_history_id` int(11) NOT NULL AUTO_INCREMENT,
  `contract_id` int(11) NOT NULL,
  `contract_schedule_id` int(11) NOT NULL,
  `total_product` int(11) NOT NULL,
  `product_taked` int(11) NOT NULL,
  `status` enum('0','1') NOT NULL COMMENT '0=request, 1=prepare',
  `created_by` int(11) NOT NULL,
  `created_date` date NOT NULL,
  `deleted` enum('0','1') NOT NULL,
  PRIMARY KEY (`contract_history_id`)
) ENGINE=InnoDB  DEFAULT CHARSET=latin1 AUTO_INCREMENT=3 ;

--
-- Dumping data untuk tabel `contract_history`
--

INSERT INTO `contract_history` (`contract_history_id`, `contract_id`, `contract_schedule_id`, `total_product`, `product_taked`, `status`, `created_by`, `created_date`, `deleted`) VALUES
(1, 21, 9, 0, 0, '0', 1, '2019-03-27', '0'),
(2, 23, 24, 4, 0, '0', 1, '2019-03-28', '0');

-- --------------------------------------------------------

--
-- Struktur dari tabel `contract_history_aroma`
--

CREATE TABLE IF NOT EXISTS `contract_history_aroma` (
  `history_aroma_id` int(11) NOT NULL AUTO_INCREMENT,
  `contract_history_id` int(11) NOT NULL,
  `contract_id` int(11) NOT NULL,
  `product_id` int(11) NOT NULL,
  `product_aroma_id` int(11) NOT NULL,
  `aroma_taked` int(11) NOT NULL,
  `gudang_id` int(11) NOT NULL,
  `created_date` timestamp NOT NULL DEFAULT CURRENT_TIMESTAMP ON UPDATE CURRENT_TIMESTAMP,
  `created_by` int(11) NOT NULL,
  `deleted` enum('0','1') NOT NULL,
  PRIMARY KEY (`history_aroma_id`)
) ENGINE=InnoDB DEFAULT CHARSET=latin1 AUTO_INCREMENT=1 ;

-- --------------------------------------------------------

--
-- Struktur dari tabel `contract_history_product`
--

CREATE TABLE IF NOT EXISTS `contract_history_product` (
  `history_product_id` int(11) NOT NULL AUTO_INCREMENT,
  `contract_history_id` int(11) NOT NULL,
  `contract_id` int(11) NOT NULL,
  `product_type` enum('1','2') NOT NULL COMMENT '1=product, 2=package',
  `product_id` int(11) NOT NULL,
  `product_request` int(11) NOT NULL,
  `product_taked` int(11) NOT NULL,
  `gudang_id` int(11) NOT NULL,
  `created_date` timestamp NOT NULL DEFAULT CURRENT_TIMESTAMP ON UPDATE CURRENT_TIMESTAMP,
  `created_by` int(11) NOT NULL,
  `deleted` enum('0','1') NOT NULL,
  PRIMARY KEY (`history_product_id`)
) ENGINE=InnoDB  DEFAULT CHARSET=latin1 AUTO_INCREMENT=2 ;

--
-- Dumping data untuk tabel `contract_history_product`
--

INSERT INTO `contract_history_product` (`history_product_id`, `contract_history_id`, `contract_id`, `product_type`, `product_id`, `product_request`, `product_taked`, `gudang_id`, `created_date`, `created_by`, `deleted`) VALUES
(1, 2, 23, '2', 11, 4, 0, 0, '2019-03-28 19:53:50', 1, '0');

-- --------------------------------------------------------

--
-- Struktur dari tabel `contract_installer`
--

CREATE TABLE IF NOT EXISTS `contract_installer` (
  `contract_installer_id` int(11) NOT NULL AUTO_INCREMENT,
  `contract_schedule_id` int(11) NOT NULL,
  `contract_id` int(11) NOT NULL,
  `installer_id` int(11) NOT NULL,
  `created_date` datetime NOT NULL,
  `created_by` int(11) NOT NULL,
  `deleted` enum('0','1') NOT NULL DEFAULT '0',
  PRIMARY KEY (`contract_installer_id`)
) ENGINE=InnoDB  DEFAULT CHARSET=latin1 AUTO_INCREMENT=17 ;

--
-- Dumping data untuk tabel `contract_installer`
--

INSERT INTO `contract_installer` (`contract_installer_id`, `contract_schedule_id`, `contract_id`, `installer_id`, `created_date`, `created_by`, `deleted`) VALUES
(1, 1, 20, 4, '2019-03-27 07:46:19', 1, '0'),
(2, 2, 20, 4, '2019-03-27 07:46:25', 1, '0'),
(3, 3, 20, 4, '2019-03-27 07:47:00', 1, '0'),
(4, 4, 20, 4, '2019-03-27 07:48:16', 1, '0'),
(5, 5, 20, 4, '2019-03-27 07:49:36', 1, '0'),
(6, 6, 21, 4, '2019-03-27 09:21:15', 1, '0'),
(7, 18, 22, 4, '2019-03-27 15:39:40', 1, '0'),
(8, 19, 22, 4, '2019-03-27 15:41:55', 1, '0'),
(9, 20, 22, 4, '2019-03-27 15:42:02', 1, '0'),
(10, 21, 23, 4, '2019-03-27 15:42:50', 1, '0'),
(11, 33, 24, 4, '2019-03-27 15:57:14', 1, '0'),
(12, 45, 25, 4, '2019-03-27 16:09:30', 1, '0'),
(13, 46, 25, 4, '2019-03-27 16:09:36', 1, '0'),
(14, 47, 26, 4, '2019-03-27 23:29:43', 1, '0'),
(15, 59, 27, 4, '2019-03-28 04:49:03', 1, '0'),
(16, 71, 28, 4, '2019-03-28 04:49:37', 1, '0');

-- --------------------------------------------------------

--
-- Struktur dari tabel `contract_schedule`
--

CREATE TABLE IF NOT EXISTS `contract_schedule` (
  `contract_schedule_id` int(11) NOT NULL AUTO_INCREMENT,
  `parent_schedule_id` int(11) NOT NULL,
  `contract_id` int(11) NOT NULL,
  `schedule_type` enum('1','2','3','4','5') NOT NULL COMMENT '1=install, 2=service, 3=termination, 4=complain, 5=request',
  `year` int(11) NOT NULL,
  `month` int(11) NOT NULL,
  `working_day` int(11) NOT NULL,
  `schedule_date` date NOT NULL,
  `schedule_status` enum('1','2') NOT NULL COMMENT '1=proses, 2=done',
  `created_date` datetime NOT NULL,
  `updated_date` timestamp NOT NULL DEFAULT CURRENT_TIMESTAMP ON UPDATE CURRENT_TIMESTAMP,
  `reason` enum('1','2') NOT NULL COMMENT '1=unit damage, 2=less material',
  `note` text NOT NULL,
  `deleted` enum('0','1') NOT NULL,
  PRIMARY KEY (`contract_schedule_id`)
) ENGINE=InnoDB  DEFAULT CHARSET=latin1 AUTO_INCREMENT=83 ;

--
-- Dumping data untuk tabel `contract_schedule`
--

INSERT INTO `contract_schedule` (`contract_schedule_id`, `parent_schedule_id`, `contract_id`, `schedule_type`, `year`, `month`, `working_day`, `schedule_date`, `schedule_status`, `created_date`, `updated_date`, `reason`, `note`, `deleted`) VALUES
(1, 0, 20, '1', 0, 0, 0, '2018-04-28', '1', '2019-03-27 07:46:19', '2019-03-27 11:46:19', '1', '', '0'),
(2, 0, 20, '1', 0, 0, 0, '2018-04-28', '1', '2019-03-27 07:46:25', '2019-03-27 11:46:25', '1', '', '0'),
(3, 0, 20, '1', 0, 0, 0, '2018-04-28', '1', '2019-03-27 07:47:00', '2019-03-27 11:47:00', '1', '', '0'),
(4, 0, 20, '1', 0, 0, 0, '2018-04-28', '1', '2019-03-27 07:48:16', '2019-03-27 11:48:16', '1', '', '0'),
(5, 0, 20, '1', 0, 0, 0, '2018-04-28', '1', '2019-03-27 07:49:36', '2019-03-27 11:49:36', '1', '', '0'),
(6, 6, 21, '1', 0, 0, 0, '2018-12-19', '1', '2019-03-27 09:21:15', '2019-03-27 13:21:15', '1', '', '0'),
(7, 6, 21, '2', 2019, 1, 18, '2019-01-24', '1', '2019-03-27 09:21:15', '2019-03-27 13:21:15', '1', '', '0'),
(8, 6, 21, '2', 2019, 2, 18, '2019-02-26', '1', '2019-03-27 09:21:15', '2019-03-27 13:21:15', '1', '', '0'),
(9, 6, 21, '2', 2019, 3, 18, '2019-03-26', '1', '2019-03-27 09:21:15', '2019-03-27 13:21:15', '1', '', '0'),
(10, 6, 21, '2', 2019, 4, 18, '2019-04-24', '1', '2019-03-27 09:21:15', '2019-03-27 13:21:15', '1', '', '0'),
(11, 6, 21, '2', 2019, 5, 18, '2019-05-24', '1', '2019-03-27 09:21:15', '2019-03-27 13:21:15', '1', '', '0'),
(12, 6, 21, '2', 2019, 6, 18, '2019-06-26', '1', '2019-03-27 09:21:15', '2019-03-27 13:21:15', '1', '', '0'),
(13, 6, 21, '2', 2019, 7, 18, '2019-07-24', '1', '2019-03-27 09:21:15', '2019-03-27 13:21:15', '1', '', '0'),
(14, 6, 21, '2', 2019, 8, 18, '2019-08-26', '1', '2019-03-27 09:21:15', '2019-03-27 13:21:15', '1', '', '0'),
(15, 6, 21, '2', 2019, 9, 18, '2019-09-25', '1', '2019-03-27 09:21:15', '2019-03-27 13:21:15', '1', '', '0'),
(16, 6, 21, '2', 2019, 10, 18, '2019-10-24', '1', '2019-03-27 09:21:15', '2019-03-27 13:21:15', '1', '', '0'),
(17, 6, 21, '2', 2019, 11, 18, '2019-11-26', '1', '2019-03-27 09:21:15', '2019-03-27 13:21:15', '1', '', '0'),
(18, 0, 22, '1', 0, 0, 0, '2018-07-23', '1', '2019-03-27 15:39:40', '2019-03-27 19:39:40', '1', '', '0'),
(19, 0, 22, '1', 0, 0, 0, '2018-07-23', '1', '2019-03-27 15:41:55', '2019-03-27 19:41:55', '1', '', '0'),
(20, 0, 22, '1', 0, 0, 0, '2018-07-23', '1', '2019-03-27 15:42:02', '2019-03-27 19:42:02', '1', '', '0'),
(21, 21, 23, '1', 0, 0, 0, '2018-12-14', '1', '2019-03-27 15:42:50', '2019-03-27 19:42:50', '1', '', '0'),
(22, 21, 23, '2', 2019, 1, 17, '2019-01-23', '1', '2019-03-27 15:42:50', '2019-03-27 19:42:50', '1', '', '0'),
(23, 21, 23, '2', 2019, 2, 17, '2019-02-25', '1', '2019-03-27 15:42:50', '2019-03-27 19:42:50', '1', '', '0'),
(24, 21, 23, '2', 2019, 3, 17, '2019-03-25', '1', '2019-03-27 15:42:50', '2019-03-27 19:42:50', '1', '', '0'),
(25, 21, 23, '2', 2019, 4, 17, '2019-04-23', '1', '2019-03-27 15:42:50', '2019-03-27 19:42:50', '1', '', '0'),
(26, 21, 23, '2', 2019, 5, 17, '2019-05-23', '1', '2019-03-27 15:42:50', '2019-03-27 19:42:50', '1', '', '0'),
(27, 21, 23, '2', 2019, 6, 17, '2019-06-25', '1', '2019-03-27 15:42:50', '2019-03-27 19:42:50', '1', '', '0'),
(28, 21, 23, '2', 2019, 7, 17, '2019-07-23', '1', '2019-03-27 15:42:50', '2019-03-27 19:42:50', '1', '', '0'),
(29, 21, 23, '2', 2019, 8, 17, '2019-08-23', '1', '2019-03-27 15:42:50', '2019-03-27 19:42:50', '1', '', '0'),
(30, 21, 23, '2', 2019, 9, 17, '2019-09-24', '1', '2019-03-27 15:42:50', '2019-03-27 19:42:50', '1', '', '0'),
(31, 21, 23, '2', 2019, 10, 17, '2019-10-23', '1', '2019-03-27 15:42:50', '2019-03-27 19:42:50', '1', '', '0'),
(32, 21, 23, '2', 2019, 11, 17, '2019-11-25', '1', '2019-03-27 15:42:50', '2019-03-27 19:42:50', '1', '', '0'),
(33, 33, 24, '1', 0, 0, 0, '2019-03-01', '1', '2019-03-27 15:57:14', '2019-03-27 19:57:14', '1', '', '0'),
(34, 33, 24, '2', 2019, 4, 18, '2019-04-24', '1', '2019-03-27 15:57:14', '2019-03-27 19:57:14', '1', '', '0'),
(35, 33, 24, '2', 2019, 5, 18, '2019-05-24', '1', '2019-03-27 15:57:14', '2019-03-27 19:57:14', '1', '', '0'),
(36, 33, 24, '2', 2019, 6, 18, '2019-06-26', '1', '2019-03-27 15:57:14', '2019-03-27 19:57:14', '1', '', '0'),
(37, 33, 24, '2', 2019, 7, 18, '2019-07-24', '1', '2019-03-27 15:57:14', '2019-03-27 19:57:14', '1', '', '0'),
(38, 33, 24, '2', 2019, 8, 18, '2019-08-26', '1', '2019-03-27 15:57:14', '2019-03-27 19:57:14', '1', '', '0'),
(39, 33, 24, '2', 2019, 9, 18, '2019-09-25', '1', '2019-03-27 15:57:14', '2019-03-27 19:57:14', '1', '', '0'),
(40, 33, 24, '2', 2019, 10, 18, '2019-10-24', '1', '2019-03-27 15:57:14', '2019-03-27 19:57:14', '1', '', '0'),
(41, 33, 24, '2', 2019, 11, 18, '2019-11-26', '1', '2019-03-27 15:57:14', '2019-03-27 19:57:14', '1', '', '0'),
(42, 33, 24, '2', 2019, 12, 18, '2019-12-25', '1', '2019-03-27 15:57:14', '2019-03-27 19:57:14', '1', '', '0'),
(43, 33, 24, '2', 2020, 1, 18, '2019-12-25', '1', '2019-03-27 15:57:14', '2019-03-27 19:57:14', '1', '', '0'),
(44, 33, 24, '2', 2020, 2, 18, '2019-12-25', '1', '2019-03-27 15:57:14', '2019-03-27 19:57:14', '1', '', '0'),
(45, 0, 25, '1', 0, 0, 0, '2018-04-05', '1', '2019-03-27 16:09:30', '2019-03-27 20:09:30', '1', '', '0'),
(46, 0, 25, '1', 0, 0, 0, '2018-04-05', '1', '2019-03-27 16:09:36', '2019-03-27 20:09:36', '1', '', '0'),
(47, 47, 26, '1', 0, 0, 0, '2019-04-01', '1', '2019-03-27 23:29:43', '2019-03-28 03:29:43', '1', '', '0'),
(48, 47, 26, '2', 2019, 5, 2, '2019-05-02', '1', '2019-03-27 23:29:43', '2019-03-28 03:29:43', '1', '', '0'),
(49, 47, 26, '2', 2019, 5, 2, '2019-05-02', '1', '2019-03-27 23:29:43', '2019-03-28 03:29:43', '1', '', '0'),
(50, 47, 26, '2', 2019, 7, 2, '2019-07-02', '1', '2019-03-27 23:29:43', '2019-03-28 03:29:43', '1', '', '0'),
(51, 47, 26, '2', 2019, 7, 2, '2019-07-02', '1', '2019-03-27 23:29:43', '2019-03-28 03:29:43', '1', '', '0'),
(52, 47, 26, '2', 2019, 8, 2, '2019-08-02', '1', '2019-03-27 23:29:43', '2019-03-28 03:29:43', '1', '', '0'),
(53, 47, 26, '2', 2019, 10, 2, '2019-10-02', '1', '2019-03-27 23:29:43', '2019-03-28 03:29:43', '1', '', '0'),
(54, 47, 26, '2', 2019, 10, 2, '2019-10-02', '1', '2019-03-27 23:29:43', '2019-03-28 03:29:43', '1', '', '0'),
(55, 47, 26, '2', 2019, 12, 2, '2019-12-03', '1', '2019-03-27 23:29:43', '2019-03-28 03:29:43', '1', '', '0'),
(56, 47, 26, '2', 2019, 12, 2, '2019-12-03', '1', '2019-03-27 23:29:43', '2019-03-28 03:29:43', '1', '', '0'),
(57, 47, 26, '2', 2020, 1, 2, '2019-12-03', '1', '2019-03-27 23:29:43', '2019-03-28 03:29:43', '1', '', '0'),
(58, 47, 26, '2', 2020, 3, 2, '2019-12-03', '1', '2019-03-27 23:29:43', '2019-03-28 03:29:43', '1', '', '0'),
(59, 59, 27, '1', 0, 0, 0, '2019-03-05', '1', '2019-03-28 04:49:03', '2019-03-28 08:49:03', '1', '', '0'),
(60, 59, 27, '2', 2019, 3, 18, '2019-03-26', '1', '2019-03-28 04:49:03', '2019-03-28 08:49:03', '1', '', '0'),
(61, 59, 27, '2', 2019, 4, 18, '2019-04-24', '1', '2019-03-28 04:49:03', '2019-03-28 08:49:03', '1', '', '0'),
(62, 59, 27, '2', 2019, 5, 18, '2019-05-24', '1', '2019-03-28 04:49:03', '2019-03-28 08:49:03', '1', '', '0'),
(63, 59, 27, '2', 2019, 6, 18, '2019-06-26', '1', '2019-03-28 04:49:03', '2019-03-28 08:49:03', '1', '', '0'),
(64, 59, 27, '2', 2019, 7, 18, '2019-07-24', '1', '2019-03-28 04:49:03', '2019-03-28 08:49:03', '1', '', '0'),
(65, 59, 27, '2', 2019, 8, 18, '2019-08-26', '1', '2019-03-28 04:49:03', '2019-03-28 08:49:03', '1', '', '0'),
(66, 59, 27, '2', 2019, 9, 18, '2019-09-25', '1', '2019-03-28 04:49:03', '2019-03-28 08:49:03', '1', '', '0'),
(67, 59, 27, '2', 2019, 10, 18, '2019-10-24', '1', '2019-03-28 04:49:03', '2019-03-28 08:49:03', '1', '', '0'),
(68, 59, 27, '2', 2019, 11, 18, '2019-11-26', '1', '2019-03-28 04:49:03', '2019-03-28 08:49:03', '1', '', '0'),
(69, 59, 27, '2', 2019, 12, 18, '2019-12-25', '1', '2019-03-28 04:49:03', '2019-03-28 08:49:03', '1', '', '0'),
(70, 59, 27, '2', 2020, 1, 18, '2019-12-25', '1', '2019-03-28 04:49:03', '2019-03-28 08:49:03', '1', '', '0'),
(71, 71, 28, '1', 0, 0, 0, '2019-02-02', '1', '2019-03-28 04:49:37', '2019-03-28 08:49:37', '1', '', '0'),
(72, 71, 28, '2', 2019, 3, 18, '2019-03-26', '1', '2019-03-28 04:49:37', '2019-03-28 08:49:37', '1', '', '0'),
(73, 71, 28, '2', 2019, 4, 18, '2019-04-24', '1', '2019-03-28 04:49:37', '2019-03-28 08:49:37', '1', '', '0'),
(74, 71, 28, '2', 2019, 5, 18, '2019-05-24', '1', '2019-03-28 04:49:37', '2019-03-28 08:49:37', '1', '', '0'),
(75, 71, 28, '2', 2019, 6, 18, '2019-06-26', '1', '2019-03-28 04:49:37', '2019-03-28 08:49:37', '1', '', '0'),
(76, 71, 28, '2', 2019, 7, 18, '2019-07-24', '1', '2019-03-28 04:49:37', '2019-03-28 08:49:37', '1', '', '0'),
(77, 71, 28, '2', 2019, 8, 18, '2019-08-26', '1', '2019-03-28 04:49:37', '2019-03-28 08:49:37', '1', '', '0'),
(78, 71, 28, '2', 2019, 9, 18, '2019-09-25', '1', '2019-03-28 04:49:37', '2019-03-28 08:49:37', '1', '', '0'),
(79, 71, 28, '2', 2019, 10, 18, '2019-10-24', '1', '2019-03-28 04:49:37', '2019-03-28 08:49:37', '1', '', '0'),
(80, 71, 28, '2', 2019, 11, 18, '2019-11-26', '1', '2019-03-28 04:49:37', '2019-03-28 08:49:37', '1', '', '0'),
(81, 71, 28, '2', 2019, 12, 18, '2019-12-25', '1', '2019-03-28 04:49:37', '2019-03-28 08:49:37', '1', '', '0'),
(82, 71, 28, '2', 2020, 1, 18, '2019-12-25', '1', '2019-03-28 04:49:37', '2019-03-28 08:49:37', '1', '', '0');

-- --------------------------------------------------------

--
-- Struktur dari tabel `contract_schedule_detail`
--

CREATE TABLE IF NOT EXISTS `contract_schedule_detail` (
  `contract_schedule_detail_id` int(11) NOT NULL AUTO_INCREMENT,
  `contract_schedule_id` int(11) NOT NULL,
  `product_type` enum('1','2') NOT NULL COMMENT '1=package, 2=product',
  `package_id` int(11) NOT NULL,
  `product_id` int(11) NOT NULL,
  `product_qty` int(11) NOT NULL,
  `package_qty` int(11) NOT NULL,
  `price` int(11) NOT NULL,
  `return` int(11) DEFAULT NULL,
  PRIMARY KEY (`contract_schedule_detail_id`)
) ENGINE=InnoDB  DEFAULT CHARSET=latin1 AUTO_INCREMENT=39 ;

--
-- Dumping data untuk tabel `contract_schedule_detail`
--

INSERT INTO `contract_schedule_detail` (`contract_schedule_detail_id`, `contract_schedule_id`, `product_type`, `package_id`, `product_id`, `product_qty`, `package_qty`, `price`, `return`) VALUES
(1, 1, '1', 2, 0, 0, 16, 6000000, NULL),
(2, 1, '1', 3, 0, 0, 18, 10000000, NULL),
(3, 1, '1', 6, 0, 0, 14, 12000000, NULL),
(4, 2, '1', 2, 0, 0, 16, 6000000, NULL),
(5, 2, '1', 3, 0, 0, 18, 10000000, NULL),
(6, 2, '1', 6, 0, 0, 14, 12000000, NULL),
(7, 3, '1', 2, 0, 0, 16, 6000000, NULL),
(8, 3, '1', 3, 0, 0, 18, 10000000, NULL),
(9, 3, '1', 6, 0, 0, 14, 12000000, NULL),
(10, 4, '1', 2, 0, 0, 16, 6000000, NULL),
(11, 4, '1', 3, 0, 0, 18, 10000000, NULL),
(12, 4, '1', 6, 0, 0, 14, 12000000, NULL),
(13, 5, '1', 2, 0, 0, 16, 6000000, NULL),
(14, 5, '1', 3, 0, 0, 18, 10000000, NULL),
(15, 5, '1', 6, 0, 0, 14, 12000000, NULL),
(16, 6, '1', 6, 0, 0, 2, 800000, NULL),
(17, 18, '1', 33, 0, 0, 8, 4000000, NULL),
(18, 18, '1', 34, 0, 0, 4, 2600000, NULL),
(19, 19, '1', 33, 0, 0, 8, 4000000, NULL),
(20, 19, '1', 34, 0, 0, 4, 2600000, NULL),
(21, 20, '1', 33, 0, 0, 8, 4000000, NULL),
(22, 20, '1', 34, 0, 0, 4, 2600000, NULL),
(23, 21, '1', 11, 0, 0, 4, 2000000, NULL),
(24, 33, '1', 6, 0, 0, 32, 12175000, NULL),
(25, 45, '1', 20, 0, 0, 3, 2400000, NULL),
(26, 46, '1', 20, 0, 0, 3, 2400000, NULL),
(27, 47, '1', 1, 0, 0, 1, 100, NULL),
(28, 47, '1', 2, 0, 0, 2, 200, NULL),
(29, 47, '1', 3, 0, 0, 3, 300, NULL),
(30, 47, '1', 4, 0, 0, 4, 400, NULL),
(31, 47, '1', 5, 0, 0, 5, 500, NULL),
(32, 47, '1', 6, 0, 0, 6, 600, NULL),
(33, 47, '1', 7, 0, 0, 7, 700, NULL),
(34, 47, '1', 8, 0, 0, 8, 800, NULL),
(35, 47, '1', 9, 0, 0, 9, 900, NULL),
(36, 59, '2', 0, 26, 800000, 0, 2, NULL),
(37, 59, '1', 17, 0, 0, 4, 1200000, NULL),
(38, 71, '1', 9, 0, 0, 7, 0, NULL);

-- --------------------------------------------------------

--
-- Struktur dari tabel `contract_teknisi`
--

CREATE TABLE IF NOT EXISTS `contract_teknisi` (
  `contract_teknisi_id` int(11) NOT NULL AUTO_INCREMENT,
  `contract_schedule_id` int(11) NOT NULL,
  `contract_id` int(11) NOT NULL,
  `teknisi_id` int(11) NOT NULL,
  `created_date` datetime NOT NULL,
  `created_by` int(11) NOT NULL,
  `deleted` enum('0','1') NOT NULL DEFAULT '0',
  PRIMARY KEY (`contract_teknisi_id`)
) ENGINE=InnoDB  DEFAULT CHARSET=latin1 AUTO_INCREMENT=17 ;

--
-- Dumping data untuk tabel `contract_teknisi`
--

INSERT INTO `contract_teknisi` (`contract_teknisi_id`, `contract_schedule_id`, `contract_id`, `teknisi_id`, `created_date`, `created_by`, `deleted`) VALUES
(1, 1, 20, 1, '2019-03-27 07:46:19', 1, '0'),
(2, 2, 20, 1, '2019-03-27 07:46:25', 1, '0'),
(3, 3, 20, 1, '2019-03-27 07:47:00', 1, '0'),
(4, 4, 20, 1, '2019-03-27 07:48:16', 1, '0'),
(5, 5, 20, 1, '2019-03-27 07:49:36', 1, '0'),
(6, 6, 21, 1, '2019-03-27 09:21:15', 1, '0'),
(7, 18, 22, 1, '2019-03-27 15:39:40', 1, '0'),
(8, 19, 22, 1, '2019-03-27 15:41:55', 1, '0'),
(9, 20, 22, 1, '2019-03-27 15:42:02', 1, '0'),
(10, 21, 23, 1, '2019-03-27 15:42:50', 1, '0'),
(11, 33, 24, 2, '2019-03-27 15:57:14', 1, '0'),
(12, 45, 25, 2, '2019-03-27 16:09:30', 1, '0'),
(13, 46, 25, 2, '2019-03-27 16:09:36', 1, '0'),
(14, 47, 26, 2, '2019-03-27 23:29:43', 1, '0'),
(15, 59, 27, 2, '2019-03-28 04:49:03', 1, '0'),
(16, 71, 28, 2, '2019-03-28 04:49:37', 1, '0');

-- --------------------------------------------------------

--
-- Struktur dari tabel `customer_address`
--

CREATE TABLE IF NOT EXISTS `customer_address` (
  `address_id` int(11) NOT NULL AUTO_INCREMENT,
  `customer_id` int(11) NOT NULL,
  `address` text NOT NULL,
  `address_lat` text NOT NULL,
  `address_long` text NOT NULL,
  `address_zoom` varchar(10) NOT NULL,
  `created_by` int(11) NOT NULL,
  `created_date` datetime NOT NULL,
  `update_by` int(11) NOT NULL,
  `update_date` timestamp NOT NULL DEFAULT CURRENT_TIMESTAMP ON UPDATE CURRENT_TIMESTAMP,
  `deleted` enum('0','1') NOT NULL,
  PRIMARY KEY (`address_id`)
) ENGINE=InnoDB  DEFAULT CHARSET=latin1 AUTO_INCREMENT=293 ;

--
-- Dumping data untuk tabel `customer_address`
--

INSERT INTO `customer_address` (`address_id`, `customer_id`, `address`, `address_lat`, `address_long`, `address_zoom`, `created_by`, `created_date`, `update_by`, `update_date`, `deleted`) VALUES
(1, 307, 'BALAI KIIC, JL.PERMATA RAYA,KIIC, SUKALUYU - TELUK JAMBE TIMUR KARAWANG', '-6.1864864', '106.83409110000002', '12', 1, '2019-03-19 03:33:43', 0, '2019-03-19 07:48:09', '1'),
(2, 19, 'jakarta', '-6.2087634', '106.84559899999999', '11', 1, '2019-03-19 03:43:47', 0, '2019-03-19 07:47:24', '1'),
(3, 11, 'JL. JEND. SUDIRMAN NO. 5', '-6.1864864', '106.83409110000002', '12', 1, '2019-03-19 03:51:52', 0, '2019-03-19 07:51:52', '0'),
(4, 12, 'JL. JEND. SUDIRMAN NO. 5', '-6.1864864', '106.83409110000002', '12', 1, '2019-03-19 03:52:08', 0, '2019-03-19 07:52:08', '0'),
(5, 13, 'Cikampek Rest Area KM 39 Cikampek', '-6.1864864', '106.83409110000002', '12', 1, '2019-03-19 03:57:29', 0, '2019-03-19 07:57:29', '0'),
(6, 14, 'JL.MALIGI RAYA LOT A-5, KAWASAN INDUSTRI KIIC, TOL JAKARTA CIKAMPEK 47,5 KARAWANG 41361', '-6.1864864', '106.83409110000002', '12', 1, '2019-03-19 03:58:48', 0, '2019-03-19 07:58:48', '0'),
(7, 15, 'Balai KIIC, Jl.Permata Raya, KIIC Sukaluyu - Teluk Jambe Timur Karawang', '-6.1864864', '106.83409110000002', '12', 1, '2019-03-19 03:59:19', 0, '2019-03-19 07:59:19', '0'),
(8, 16, 'GRAHA KIIC, KAWASAN INDUSTRI KIIC, KARAWANG BARAT', '-6.1864864', '106.83409110000002', '12', 1, '2019-03-19 04:01:16', 0, '2019-03-19 08:01:16', '0'),
(9, 17, 'Exit Tol Karawang Barat KM. 46-47 Tol Cikampek, Area Masjid Jami Aliyah, Jabar', '-6.1864864', '106.83409110000002', '12', 1, '2019-03-19 04:01:47', 0, '2019-03-19 08:01:47', '0'),
(10, 18, 'Resinda Park Mall. Jalan Resinda Raya No.2, Karawang Barat Karawang', '-6.1864864', '106.83409110000002', '12', 1, '2019-03-19 04:02:02', 0, '2019-03-19 08:02:02', '0'),
(11, 19, 'Resinda Park Mall. Jalan Resinda Raya No.2, Karawang Barat Karawang', '-6.1864864', '106.83409110000002', '12', 1, '2019-03-19 04:02:22', 0, '2019-03-19 08:02:22', '0'),
(12, 20, 'Resinda Park Mall. Jalan Resinda Raya No.2, Karawang Barat Karawang', '-6.1864864', '106.83409110000002', '12', 1, '2019-03-19 04:02:37', 0, '2019-03-19 08:02:37', '0'),
(13, 21, 'Perumahan Grand Taruma, Ruko Dharmawangsa I, Sukamakmur, Telukjambe Timur, Kabupaten Karawang, Jawa Barat 41361', '-6.1864864', '106.83409110000002', '12', 1, '2019-03-19 04:05:22', 0, '2019-03-19 08:05:22', '0'),
(14, 22, 'CIKARANG', '-6.1864864', '106.83409110000002', '12', 1, '2019-03-19 04:05:39', 0, '2019-03-19 08:05:39', '0'),
(15, 23, 'JL.INTERCHANGE TOL KARAWANG BARAT, SUKAMAKMUR TELUK JAMBE TIMUR KARAWANG JAWA BARAT', '-6.1864864', '106.83409110000002', '12', 1, '2019-03-19 04:11:51', 0, '2019-03-19 08:11:51', '0'),
(16, 24, 'Graha KIIC Lt 2 Kawasan Industri KIIC Karawang Jl.Permata Raya lot C1-B, Cikarang Utara', '-6.1864864', '106.83409110000002', '12', 1, '2019-03-19 04:12:27', 0, '2019-03-19 08:12:27', '0'),
(17, 25, 'Grand Taruma, Ruko Dharmawangsa Tahap 2 Blok C-27, Jl. Tarumanegara, Sukamakmur, Telukjambe Timur, Sukamakmur, Telukjambe Timur, Kabupaten Karawang, Jawa Barat 41361', '-6.1864864', '106.83409110000002', '12', 1, '2019-03-19 04:12:49', 0, '2019-03-19 08:12:49', '0'),
(18, 26, 'Jl. Galuh Mas Raya, Sukaharja, Telukjambe Timur, Kabupaten Karawang, Jawa Barat 41361', '-6.1864864', '106.83409110000002', '12', 1, '2019-03-19 04:13:04', 0, '2019-03-19 08:13:04', '0'),
(19, 27, 'Jl. Galuh Mas Raya, Sukaharja, Telukjambe Timur, Kabupaten Karawang, Jawa Barat 41361', '-6.1864864', '106.83409110000002', '12', 1, '2019-03-19 04:13:24', 0, '2019-03-19 08:13:24', '0'),
(20, 28, 'CIKARANG', '-6.1864864', '106.83409110000002', '12', 1, '2019-03-19 04:13:56', 0, '2019-03-19 08:13:56', '0'),
(21, 29, 'Sukaharja, East Telukjambe, Karawang Regency, West Java 41361', '-6.1864864', '106.83409110000002', '12', 1, '2019-03-19 04:14:12', 0, '2019-03-19 08:14:12', '0'),
(22, 30, 'GALUH MAS KARAWANG', '-6.1864864', '106.83409110000002', '12', 1, '2019-03-19 04:15:07', 0, '2019-03-19 08:15:07', '0'),
(23, 31, 'CIKARANG', '-6.1864864', '106.83409110000002', '12', 1, '2019-03-19 04:15:41', 0, '2019-03-19 08:15:41', '0'),
(24, 32, 'Jl. Galuh Mas Raya, Sukaharja, Telukjambe Timur, Kabupaten Karawang, Jawa Barat 41361', '-6.1864864', '106.83409110000002', '12', 1, '2019-03-19 04:15:58', 0, '2019-03-19 08:15:58', '0'),
(25, 33, 'KOMPLEKS SEDANA, SUKALUYU,  TELUK JAMBE, KAB. KARAWANG, JAWA BARAT 41361', '-6.1864864', '106.83409110000002', '12', 1, '2019-03-19 04:17:35', 0, '2019-03-19 08:17:35', '0'),
(26, 34, 'METROPOLITAN MALL LT. DASAR NO. 21-22', '-6.1864864', '106.83409110000002', '12', 1, '2019-03-19 04:17:58', 0, '2019-03-19 08:17:58', '0'),
(27, 35, 'Jl daha depan kantor bpn &belakang mall lippo, Jawa Barat', '-6.1864864', '106.83409110000002', '12', 1, '2019-03-19 04:18:49', 0, '2019-03-19 08:18:49', '0'),
(28, 36, 'Jl daha depan kantor bpn &belakang mall lippo, Jawa Barat', '-6.1864864', '106.83409110000002', '12', 1, '2019-03-19 04:19:19', 0, '2019-03-19 08:19:19', '0'),
(29, 51, 'Jl. Surya Utama No.3, Kutamekar, Ciampel, Kabupaten Karawang, Jawa Barat 41363', '-6.1864864', '106.83409110000002', '12', 1, '2019-03-23 14:26:58', 0, '2019-03-23 18:26:58', '0'),
(30, 37, 'Jababeka Residence Jalan Taman Golf Timur I No. 100, Sertajaya, Cikarang Tim., Bekasi, Jawa Barat 17550', '-6.1864864', '106.83409110000002', '12', 1, '2019-03-19 04:21:02', 0, '2019-03-19 08:21:02', '0'),
(31, 38, 'JL. RAYA SERANG CIBARUSAH NO. 133 RT 001 RW 001 KEL. SERANG, KEC. CIKARANG SELATAN BEKASI, CIKARANG SELATAN', '-6.1864864', '106.83409110000002', '12', 1, '2019-03-19 04:21:19', 0, '2019-03-19 08:21:19', '0'),
(32, 39, 'Surapati No.12 Industri MM2100CikarangBarat, Bekasi 17520', '-6.1864864', '106.83409110000002', '12', 1, '2019-03-19 04:21:38', 0, '2019-03-19 08:21:38', '0'),
(33, 40, 'JL. MH THAMRIN KAV.99 LIPPO CIKARANG, BEKASI 17550', '-6.1864864', '106.83409110000002', '12', 1, '2019-03-19 04:22:07', 0, '2019-03-19 08:22:07', '0'),
(34, 41, 'EJIP INDUSTRIAL PARK PLOT 5C, LEMAHABANG BEKASI', '-6.1864864', '106.83409110000002', '12', 1, '2019-03-19 04:22:24', 0, '2019-03-19 08:22:24', '0'),
(35, 42, 'Jl. Cisokan, Kawasan Industri Ejip Plot 6C-2, Cikarang Selatan, Sukaresmi, Cikarang Sel., Bekasi, Jawa Barat 17550', '-6.1864864', '106.83409110000002', '12', 1, '2019-03-20 03:21:01', 0, '2019-03-20 07:21:01', '0'),
(36, 43, 'KAWASAN INDUSTRI EJIP PLOT 4E SUKARESMI, CIKRANG SELATAN, BEKASI - JAWA BARAT', '-6.1864864', '106.83409110000002', '12', 1, '2019-03-20 03:21:17', 0, '2019-03-20 07:21:17', '0'),
(37, 44, 'KAWASAN INDUSTRI JABABEKA V JL. SCIENCE TIMUR I A 5 J NO. 2, SERTAJAYA CIKARANG TIMUR KAB. BEKASI JAWA BARAT', '-6.1864864', '106.83409110000002', '12', 1, '2019-03-20 03:21:58', 0, '2019-03-20 07:21:58', '0'),
(38, 45, 'KAWASAN INDUSTRI JABABEKA V, JL. SCIENCE TIMUR I BLOK A5J NO. 1 RT. 000,  RW.000 SERTAJAYA CIKARANG TIMUR KAB. BEKASI JAWA BARAT 17530', '-6.1864864', '106.83409110000002', '12', 1, '2019-03-20 03:22:19', 0, '2019-03-20 07:22:19', '0'),
(39, 46, 'BEKASI INTERNATIONAL INDUSTRIAL ESTATE JL.RAYA INTI BLOK C.2 NO.1, 14, RT.000 RW.000 KEL.CIBATU KEC.CIKARANG SELATAN, BEKASI - JAWA BARAT', '-6.1864864', '106.83409110000002', '12', 1, '2019-03-20 03:22:37', 0, '2019-03-20 07:22:37', '0'),
(40, 47, 'EJIP INDUSTRIAL PARK PLOT 9 H-1, SUKARESMI CIKARANG SELATAN KAB. BEKASI JAWA BARAT', '-6.1864864', '106.83409110000002', '12', 1, '2019-03-20 03:22:55', 0, '2019-03-20 07:22:55', '0'),
(41, 48, 'JL. RAYA PASAR MINGGU KAV. 16 PANCORAN, JAKARTA SELATAN', '-6.1864864', '106.83409110000002', '12', 1, '2019-03-20 03:23:31', 0, '2019-03-20 07:23:31', '0'),
(42, 49, 'Sukaharja, East Telukjambe, Karawang Regency, West Java 41361', '-6.1864864', '106.83409110000002', '12', 1, '2019-03-20 03:23:49', 0, '2019-03-20 07:23:49', '0'),
(43, 50, 'Margakaya, West Telukjambe, Karawang Regency, West Java 41361', '-6.1864864', '106.83409110000002', '12', 1, '2019-03-20 03:24:12', 0, '2019-03-20 07:24:12', '0'),
(44, 52, 'DESA PARUNGMULYA CIAMPEL KARAWANG', '-6.1864864', '106.83409110000002', '12', 1, '2019-03-20 03:28:35', 0, '2019-03-20 07:28:35', '0'),
(45, 53, 'Kawasan Industri Mitra Karawang Ruko Blok A-C Karawang', '-6.1864864', '106.83409110000002', '12', 1, '2019-03-20 03:28:53', 0, '2019-03-20 07:28:53', '0'),
(46, 54, 'Jl. Surya Utama I No.14, Kutanegara, Ciampel, Kabupaten Karawang, Jawa Barat 41361', '-6.1864864', '106.83409110000002', '12', 1, '2019-03-20 03:29:14', 0, '2019-03-20 07:29:14', '0'),
(47, 55, 'Jl. Surya Utama I No.14, Kutanegara, Ciampel, Kabupaten Karawang, Jawa Barat 41361', '-6.1864864', '106.83409110000002', '12', 1, '2019-03-20 03:29:39', 0, '2019-03-20 07:29:39', '0'),
(48, 56, 'Jl. M. H Thamrin, Ruko Plaza Menteng Blok B No. 1 Cikarang Bekasi 17550, Cibatu, South Cikarang, Kab. Bekasi, West Java 17530', '-6.1864864', '106.83409110000002', '12', 1, '2019-03-20 03:29:59', 0, '2019-03-20 07:29:59', '0'),
(49, 57, 'Jalan Kemang Boulevard Kav. No. 5A Lippo Cikarang, Sukaresmi, Cikarang Sel., Bekasi, Jawa Barat 17550', '-6.1864864', '106.83409110000002', '12', 1, '2019-03-20 03:30:50', 0, '2019-03-20 07:30:50', '0'),
(50, 58, 'Jl. Raya Cibarusah-Cikarang No.47, Sukaresmi, Cikarang Sel., Bekasi, Jawa Barat 17530', '-6.1864864', '106.83409110000002', '12', 1, '2019-03-20 03:31:10', 0, '2019-03-20 07:31:10', '0'),
(51, 59, 'JL. TEUKU UMAR, SEPANJANG JAYA', '-6.1864864', '106.83409110000002', '12', 1, '2019-03-20 03:31:30', 0, '2019-03-20 07:31:30', '0'),
(52, 60, 'JL. INDUSTRI SELATAN BLOK LL NO. 1, JABABEKA', '-6.1864864', '106.83409110000002', '12', 1, '2019-03-20 03:31:49', 0, '2019-03-20 07:31:49', '0'),
(53, 61, 'Perumahan Grand Wisata, Jl. Celebration Boulevard No.55-56, Lambangsari, Tambun Sel., Bekasi, Jawa Barat 17510', '-6.1864864', '106.83409110000002', '12', 1, '2019-03-20 03:32:05', 0, '2019-03-20 07:32:05', '0'),
(54, 62, ' Jl.Permata V Lot EE - 3 Kawasan Industri KIIC Teluk Jambe Timur,Karawang Jawa Barat 41361', '-6.1864864', '106.83409110000002', '12', 1, '2019-03-20 03:32:29', 0, '2019-03-20 07:32:29', '0'),
(55, 63, 'JL. CANDI DASA NO.8, SEDANA BUKI GOLF KARAWANG 41361', '-6.1864864', '106.83409110000002', '12', 1, '2019-03-20 03:32:49', 0, '2019-03-20 07:32:49', '0'),
(56, 64, 'KAWASAN INDUSTRI KIIC, JL MALIGI VIII LOT T-4 TELUKJAMBE BARAT, KARAWANG JAWA BARAT', '-6.1864864', '106.83409110000002', '12', 1, '2019-03-20 21:19:28', 0, '2019-03-21 01:19:28', '0'),
(57, 65, 'Telukjambe Timur, Sukaluyu, Telukjambe Timur, Kabupaten Karawang, Jawa Barat 41361', '-6.1864864', '106.83409110000002', '12', 1, '2019-03-20 21:30:47', 0, '2019-03-21 01:30:47', '0'),
(58, 66, 'JL. MALIGI VII KAWASAN INDUSTRI KIIC LOT Q 4C, KARAWANG', '-6.1864864', '106.83409110000002', '12', 1, '2019-03-20 21:31:07', 0, '2019-03-21 01:31:07', '0'),
(59, 67, 'GRAHA KIIC LOT C NO 18 KAWASAN INDUSTRI KIIC, TELUKJAMBE - KARAWANG', '-6.1864864', '106.83409110000002', '12', 1, '2019-03-20 22:23:09', 0, '2019-03-21 02:23:09', '0'),
(60, 68, 'Rukan Sentra Bisnis Jl.Artha Gading Blok A7D No.15 Jakarta 14240\n', '-6.1864864', '106.83409110000002', '12', 1, '2019-03-20 22:24:43', 0, '2019-03-21 02:24:43', '0'),
(61, 69, 'JL.A.YANI 75 P.O.BOX.2, KARAWANG PAWITAN, KARAWANG', '-6.1864864', '106.83409110000002', '12', 1, '2019-03-20 22:25:12', 0, '2019-03-21 02:25:12', '0'),
(62, 70, 'JL. JEND A. YANI NO. 85 KARAWANG, JAWA BARAT', '-6.1864864', '106.83409110000002', '12', 1, '2019-03-20 22:25:29', 0, '2019-03-21 02:25:29', '0'),
(63, 71, 'Jalan Tuparev KM.7 No.396, Nagasari, Karawang Timur, Karawang Barat, Nagasari, Karawang Bar., Kabupaten Karawang, Jawa Barat 41314', '-6.1864864', '106.83409110000002', '12', 1, '2019-03-20 22:26:00', 0, '2019-03-21 02:26:00', '0'),
(64, 72, 'GEDUNG BANK BJB CABANG KARAWANG BARAT', '-6.1864864', '106.83409110000002', '12', 1, '2019-03-20 22:26:51', 0, '2019-03-21 02:26:51', '0'),
(65, 73, 'Bank BNI, Jalan Surotokunto No. 46, Johar, Karawang Timur, Adiarsa Tim., Karawang Tim., Kabupaten Karawang, Jawa Barat 41311', '-6.1864864', '106.83409110000002', '12', 1, '2019-03-20 22:27:13', 0, '2019-03-21 02:27:13', '0'),
(66, 74, 'Jl. Wirasaba No.54, Adiarsa Tim., Karawang Tim., Kabupaten Karawang, Jawa Barat 41313', '-6.1864864', '106.83409110000002', '12', 1, '2019-03-20 22:27:32', 0, '2019-03-21 02:27:32', '0'),
(67, 75, 'Jl. Wirasaba No.54, Adiarsa Tim., Karawang Tim., Kabupaten Karawang, Jawa Barat 41314', '-6.1864864', '106.83409110000002', '12', 1, '2019-03-20 22:27:54', 0, '2019-03-21 02:27:54', '0'),
(68, 76, 'SUPERMALL KARAWANG JL. AHMAD YANI NO. 01 KARAWANG WETAN', '-6.1864864', '106.83409110000002', '11', 1, '2019-03-20 22:28:14', 0, '2019-03-21 02:28:14', '0'),
(69, 77, 'KAMPUNG KARANG PAWITAN, KARAWANG JAWA BARAT', '-6.1864864', '106.83409110000002', '12', 1, '2019-03-20 22:28:31', 0, '2019-03-21 02:28:32', '0'),
(70, 78, 'Jl.Tuparev No.499 Karawang', '-6.1864864', '106.83409110000002', '12', 1, '2019-03-20 22:29:08', 0, '2019-03-21 02:29:08', '0'),
(71, 79, 'JL TUPAREV NO. 56 KEC. KARAWANG BARAT KAB. KARAWANG, JAWA BARAT', '-6.1864864', '106.83409110000002', '12', 1, '2019-03-20 22:29:43', 0, '2019-03-21 02:29:44', '0'),
(72, 80, 'Jl. Arief Rachman Hakim No. 1A, Nagasari  Karawang Barat 41311', '-6.1864864', '106.83409110000002', '12', 1, '2019-03-20 22:30:17', 0, '2019-03-21 02:30:17', '0'),
(73, 81, 'Jl. Tuparev, Nagasari, Karawang Bar., Kabupaten Karawang, Jawa Barat 41312', '-6.1864864', '106.83409110000002', '12', 1, '2019-03-20 22:31:01', 0, '2019-03-21 02:31:01', '0'),
(74, 82, 'JL. RAYA PEBAYURAN RT.009 RW.001 KERTASARI, PEBAYURAN BEKASI', '-6.1864864', '106.83409110000002', '12', 1, '2019-03-20 22:31:22', 0, '2019-03-21 02:31:22', '0'),
(75, 83, 'Jl.MH Thamrin No.163 Lippo Cikarang - Cikarang', '-6.1864864', '106.83409110000002', '12', 1, '2019-03-20 22:33:40', 0, '2019-03-21 02:33:40', '0'),
(76, 84, 'JL.TANJUNG NO.6B MULTIGUNA 2, SUKARESMI - CIKARANG SELATAN', '-6.1864864', '106.83409110000002', '12', 1, '2019-03-20 22:33:57', 0, '2019-03-21 02:33:57', '0'),
(77, 85, 'JL.TANJUNG NO.6B MULTIGUNA 2, SUKARESMI - CIKARANG SELATAN', '-6.1864864', '106.83409110000002', '12', 1, '2019-03-20 22:34:14', 0, '2019-03-21 02:34:14', '0'),
(78, 86, 'JL.TANJUNG NO 6B MULTI GUNA, SUKARESMI, CIKARANG SELATAN BEKASI', '-6.1864864', '106.83409110000002', '12', 1, '2019-03-20 22:34:32', 0, '2019-03-21 02:34:32', '0'),
(79, 87, 'MATARAM KAVLING 37-39 RT.010 RW.005 CIBATU CIKARANG, SELATAN KAB. BEKASI JAWA BARAT', '-6.1864864', '106.83409110000002', '12', 1, '2019-03-20 22:34:52', 0, '2019-03-21 02:34:52', '0'),
(80, 88, 'Pemasaran Delta Mas Jl.Tol Jakarta - Cikampek Km37 Cikarang - Bekasi', '-6.1864864', '106.83409110000002', '12', 1, '2019-03-20 22:35:13', 0, '2019-03-21 02:35:13', '0'),
(81, 89, 'PERUMAHAN KOTA DELTA MAS BLOK B NO. 1 LOKASI PALAIS DE PARIS, DESA SUKAMAHI CIKARANG PUSAT - BEKASI', '-6.1864864', '106.83409110000002', '12', 1, '2019-03-20 22:35:35', 0, '2019-03-21 02:35:35', '0'),
(82, 90, 'GRAHA KIIC, KAWASAN INDUSTRI KIIC, KARAWANG BARAT', '-6.1864864', '106.83409110000002', '12', 1, '2019-03-20 22:36:00', 0, '2019-03-21 02:36:00', '0'),
(83, 91, 'JL. BUKIT GOLF INDAH NO.1 KARAWANG BARAT, MARGAMULYA, TELUKJAMBE BARAT - JAWA BARAT', '-6.1864864', '106.83409110000002', '12', 1, '2019-03-21 01:05:58', 0, '2019-03-21 05:05:58', '0'),
(84, 92, 'JL. BUKIT GOLF INDAH NO.1 KARAWANG BARAT, MARGAMULYA, TELUKJAMBE BARAT - JAWA BARAT', '-6.1864864', '106.83409110000002', '12', 1, '2019-03-21 01:06:23', 0, '2019-03-21 05:06:23', '0'),
(85, 93, 'JL. PURI BETA SELATAN RAYA NO.11 RT.002/010 KEL. LARANGAN, UTARA, KEC. LARANGAN, TANGERANG - BANTEN', '-6.1864864', '106.83409110000002', '12', 1, '2019-03-21 01:06:49', 0, '2019-03-21 05:06:49', '0'),
(86, 94, 'BALAI KIIC, JL. PERMATA RAYA, KIIC SUKALUYU - TELUK JAMBE TIMUR KARAWANG', '-6.1864864', '106.83409110000002', '12', 1, '2019-03-21 01:07:23', 0, '2019-03-21 05:07:23', '0'),
(87, 95, 'Karawang International Industrial City (KIIC) Jl. Harapan Raya VI Lot. LL-3A, Sirnabaya, Telukjambe Timur, Kabupaten Karawang, Jawa Barat 41361', '-6.1864864', '106.83409110000002', '12', 1, '2019-03-21 01:08:24', 0, '2019-03-21 05:08:24', '0'),
(88, 96, 'JL.RAYA GALUH MAS KARAWANG, JAWA BARAT', '-6.1864864', '106.83409110000002', '12', 1, '2019-03-21 01:08:46', 0, '2019-03-21 05:08:46', '0'),
(89, 97, 'GRAND PLAZA NO. 36-37 RT 005 RW 015, TELUK JAMBE TIMUR KARAWANG', '-6.1864864', '106.83409110000002', '12', 1, '2019-03-21 01:09:05', 0, '2019-03-21 05:09:05', '0'),
(90, 98, 'Rukan Sentra Bisnis Jl.Artha Gading Blok A7D No.15 Jakarta 14240', '-6.1864864', '106.83409110000002', '11', 1, '2019-03-21 01:09:24', 0, '2019-03-21 05:09:24', '0'),
(91, 99, 'Rukan Sentra Bisnis Jl.Artha Gading Blok A7D No.15 Jakarta 14240', '-6.1864864', '106.83409110000002', '12', 1, '2019-03-21 01:09:49', 0, '2019-03-21 05:09:49', '0'),
(92, 100, 'Jl. Galuh Mas Raya, Sukaharja, Telukjambe Timur, Kabupaten Karawang, Jawa Barat 41361', '-6.1864864', '106.83409110000002', '12', 1, '2019-03-21 01:10:10', 0, '2019-03-21 05:10:10', '0'),
(93, 101, 'komplek mall technomart karawang plaza blok XIII D No 5, Sukaluyu, Telukjambe Timur, Kabupaten Karawang, Jawa Barat 41361', '-6.1864864', '106.83409110000002', '12', 1, '2019-03-21 01:10:27', 0, '2019-03-21 05:10:27', '0'),
(94, 102, 'Jl. Galuh Mas Raya, Sukaharja, Telukjambe Timur, Kabupaten Karawang, Jawa Barat 41361', '-6.1864864', '106.83409110000002', '12', 1, '2019-03-21 01:10:45', 0, '2019-03-21 05:10:45', '0'),
(95, 103, 'JL. ROTAN I BLOK F27-37B KAWASAN INDUSTRI DELTA SILICON III, LIPPO CIKARANG, CICAU, CIKARANG PUSAT - BEKASI', '-6.1864864', '106.83409110000002', '12', 1, '2019-03-21 01:11:05', 0, '2019-03-21 05:11:05', '0'),
(96, 104, 'Jl. Raya Cikarang - Cibarusah, Sukaresmi, Cikarang Sel., Bekasi, Jawa Barat 17550', '-6.1864864', '106.83409110000002', '12', 1, '2019-03-21 01:11:22', 0, '2019-03-21 05:11:22', '0'),
(97, 105, 'SENTRA SUMMARECON BEKASI, JL. BOULEVARD AHMAD YANI BLOK M, BEKASI UTARA MARGA MULYA KOTA BKS, JAWA BARAT', '-6.1864864', '106.83409110000002', '12', 1, '2019-03-22 01:41:41', 0, '2019-03-22 05:41:41', '0'),
(98, 106, 'JL. BOULEVARD AHMAD YANI BLOK M, BEKASI UTARA, KOTA BEKASI 17142', '-6.1864864', '106.83409110000002', '12', 1, '2019-03-21 01:11:51', 0, '2019-03-21 05:11:51', '0'),
(99, 107, 'Marga Mulya, North Bekasi, Bekasi City, West Java 17143', '-6.1864864', '106.83409110000002', '12', 1, '2019-03-21 01:12:06', 0, '2019-03-21 05:12:06', '0'),
(100, 108, 'JL.SURYA PRATAMA BLOK I KAV.50, KARAWANG 41361', '-6.1864864', '106.83409110000002', '12', 1, '2019-03-21 01:12:23', 0, '2019-03-21 05:12:23', '0'),
(101, 109, 'GEDUNG SURYA CIPTA SQUARE JL. SURYA UTAMA KAV. C-1, KAWASAN INDUSTRI SURYA CIPTA - KARAWANG', '-6.1864864', '106.83409110000002', '12', 1, '2019-03-21 01:12:40', 0, '2019-03-21 05:12:40', '0'),
(102, 110, 'JL. JEND A. YANI NO. 85 KARAWANG, JAWA BARAT', '-6.1864864', '106.83409110000002', '12', 1, '2019-03-21 01:13:02', 0, '2019-03-21 05:13:02', '0'),
(103, 112, 'KAWASAN INDUSTRI MM2100 , JL. IRIAN BLOK JJ-3-1 JL. IRIAN, JATIWANGI, CIKARANG, BEKASI, JAWA BARAT', '-6.1864864', '106.83409110000002', '12', 1, '2019-03-21 01:13:55', 0, '2019-03-21 05:13:55', '0'),
(104, 114, 'Jalan Tuparev KM.7 No.396, Nagasari, Karawang Timur, Karawang Barat, Nagasari, Karawang Bar., Kabupaten Karawang, Jawa Barat 41314', '-6.1864864', '106.83409110000002', '12', 1, '2019-03-21 01:16:58', 0, '2019-03-21 05:16:58', '0'),
(105, 115, 'Jl. Galuh Mas Raya, Sukaharja, Telukjambe Timur, Kabupaten Karawang, Jawa Barat 41361', '-6.1864864', '106.83409110000002', '12', 1, '2019-03-21 01:17:20', 0, '2019-03-21 05:17:20', '0'),
(106, 116, 'Amansari, Rengasdengklok, Karawang Regency, West Java 41352', '-6.1864864', '106.83409110000002', '12', 1, '2019-03-21 01:17:40', 0, '2019-03-21 05:17:40', '0'),
(107, 117, 'Jakarta - Cikampek Toll Rd KM.42, Wanasari, West Telukjambe, Karawang Regency, West Java 41361', '-6.1864864', '106.83409110000002', '12', 1, '2019-03-21 01:17:57', 0, '2019-03-21 05:17:57', '0'),
(108, 118, 'Jl. Proklamasi No.89-90, R.Dengklok Sel., Rengasdengklok, Kabupaten Karawang, Jawa Barat 41352', '-6.1864864', '106.83409110000002', '12', 1, '2019-03-21 01:44:50', 0, '2019-03-21 05:44:50', '0'),
(109, 119, 'MARGAKAYA, TELUKJAMBE BARAT KABUPATEN KARAWANG, JAWA BARAT', '-6.1864864', '106.83409110000002', '12', 1, '2019-03-21 01:45:06', 0, '2019-03-21 05:45:06', '0'),
(110, 120, 'Ruko Emporium Galuh Mas Blok A 1/No.3, Galuh Mas Jl Galuh Mas Raya, Sukaharja Galuh Mas Telukjambe, Kabupaten Karawang, Jawa Barat 41371', '-6.1864864', '106.83409110000002', '12', 1, '2019-03-21 01:45:23', 0, '2019-03-21 05:45:23', '0'),
(111, 121, 'Desa Sukamahi Cikarang Pusat Kab Bekasi', '-6.1864864', '106.83409110000002', '12', 1, '2019-03-21 01:45:42', 0, '2019-03-21 05:45:42', '0'),
(112, 122, 'KAWASAN GREENLAND INTERNATIONAL INDUSTRIAL CENTER (GIIC) KOTA, DELTAMAS BLOK CE NO.01 RT.000 RW.000 KEL.PASIR RANJI KEC.CIKARANG PUSAT', '-6.1864864', '106.83409110000002', '12', 1, '2019-03-21 01:46:02', 0, '2019-03-21 05:46:02', '0'),
(113, 123, 'Bekasi International Industrial Estate C11 No.1-5 Cikarang Selatan Bekasi', '-6.1864864', '106.83409110000002', '12', 1, '2019-03-21 01:46:26', 0, '2019-03-21 05:46:26', '0'),
(114, 124, 'JALAN INTI I BLOK C1 NO.3 CIKARANG SELATAN, JAWA BARAT 17530', '-6.1864864', '106.83409110000002', '12', 1, '2019-03-21 01:46:56', 0, '2019-03-21 05:46:56', '0'),
(115, 125, 'JALAN INTI I BLOK C1 NO.3 CIKARANG SELATAN, JAWA BARAT 17530', '-6.1864864', '106.83409110000002', '12', 1, '2019-03-21 01:47:14', 0, '2019-03-21 05:47:14', '0'),
(116, 126, 'JL. MH. THAMRIN KAV. 103 LIPPO CIKARANG, BEKASI', '-6.1864864', '106.83409110000002', '12', 1, '2019-03-21 01:47:34', 0, '2019-03-21 05:47:34', '0'),
(117, 127, 'JL. KEMANG RAYA KAV.06 COMMERCIAL PARK, LIPPO CIKARANG', '-6.1864864', '106.83409110000002', '12', 1, '2019-03-21 01:47:59', 0, '2019-03-21 05:48:00', '0'),
(118, 129, 'Jalan Raya Tegal Gede No. 1, Lemahabang, Cikarang, Sukaresmi, Cikarang Selatan, Sukaresmi, Cikarang Sel., Bekasi, Jawa Barat 17550', '-6.1864864', '106.83409110000002', '12', 1, '2019-03-21 01:48:51', 0, '2019-03-21 05:48:51', '0'),
(119, 130, 'Jalan Raya Tegal Gede No. 1, Lemahabang, Cikarang, Sukaresmi, Cikarang Selatan, Sukaresmi, Cikarang Sel., Bekasi, Jawa Barat 17550', '-6.1864864', '106.83409110000002', '12', 1, '2019-03-21 01:49:08', 0, '2019-03-21 05:49:08', '0'),
(120, 131, 'KAWASAN INDUSTRI JABABEKA 2, CIPTO MANGUNKUSUMO BLOK AII, KAVLING MEDICAL CITY SIMPANGAN, CIKARANG UTARA, BEKASI JAWA BARAT', '-6.1864864', '106.83409110000002', '12', 1, '2019-03-21 01:49:23', 0, '2019-03-21 05:49:23', '0'),
(121, 132, 'Ruko CBC Blok D1-E5, Jl. Raya Cikarang - Cibarusah, Serang, Cikarang Sel., Bekasi, Jawa Barat 17530', '-6.1864864', '106.83409110000002', '12', 1, '2019-03-21 01:49:50', 0, '2019-03-21 05:49:50', '0'),
(122, 133, 'Jl. Raya Cikarang - Cibarusah No.1, Serang, Cikarang Sel., Bekasi, Jawa Barat 17530', '-6.1864864', '106.83409110000002', '12', 1, '2019-03-21 01:50:05', 0, '2019-03-21 05:50:05', '0'),
(123, 134, 'Jl. Chairil Anwar No.27-36, Margahayu, East Bekasi, Bekasi City, West Java 17113', '-6.1864864', '106.83409110000002', '12', 1, '2019-03-21 01:50:22', 0, '2019-03-21 05:50:22', '0'),
(124, 135, 'Jl. Chairil Anwar No.27-36, Margahayu, East Bekasi, Bekasi City, West Java 17113', '-6.1864864', '106.83409110000002', '12', 1, '2019-03-21 01:50:38', 0, '2019-03-21 05:50:38', '0'),
(125, 136, 'Revo Town Lantai LG No.121, Jalan Jendral Ahmad Yani Kav. 1, Pekayon Jaya, Bekasi Selatan, Pekayon Jaya, Bekasi Sel., Kota Bks, Jawa Barat 17148', '-6.1864864', '106.83409110000002', '12', 1, '2019-03-21 01:50:57', 0, '2019-03-21 05:50:57', '0'),
(126, 137, 'Jl. Laskar Raya No.64, Pekayon Jaya, Bekasi Sel., Kota Bks, Jawa Barat 17148', '-6.1864864', '106.83409110000002', '12', 1, '2019-03-21 01:51:15', 0, '2019-03-21 05:51:15', '0'),
(127, 139, 'Jl. Cut Mutia No.53, Margahayu, Bekasi Tim.,  Kota Bks, Jawa Barat 17113', '-6.1864864', '106.83409110000002', '12', 1, '2019-03-21 01:52:14', 0, '2019-03-21 05:52:14', '0'),
(128, 140, 'JL. MH.JOYO MARTONO, BULAK KAPAL, BEKASI TIMUR', '-6.1864864', '106.83409110000002', '12', 1, '2019-03-21 01:52:34', 0, '2019-03-21 05:52:34', '0'),
(129, 141, 'Mega Mall Bekasi Hypermall LT. Dasar No. 8, Jl. Jend. Ahmad Yani No.1, Marga Jaya, Bekasi Bar., Kota Bks, Jawa Barat 17144', '-6.1864864', '106.83409110000002', '12', 1, '2019-03-21 01:52:50', 0, '2019-03-21 05:52:50', '0'),
(130, 142, 'Giant Mega, Marga Jaya, South Bekasi, Bekasi City, West Java 17141', '-6.1864864', '106.83409110000002', '12', 1, '2019-03-21 01:53:14', 0, '2019-03-21 05:53:14', '0'),
(131, 143, 'Lt. 3 3T - 023A & 025, Jl. Jend. Ahmad Yani, Marga Jaya, Bekasi Sel., Kota Bks, Jawa Barat 17148', '-6.1864864', '106.83409110000002', '12', 1, '2019-03-21 01:53:30', 0, '2019-03-21 05:53:30', '0'),
(132, 144, 'Kompleks Bekasi Town Square, Ruko CBD Boulevard Blok G No. 1 - 2, Jl. Cut Meutia, Bekasi Timur, Margahayu, Bekasi Tim., Kota Bks, Jawa Barat 17113', '-6.1864864', '106.83409110000002', '12', 1, '2019-03-21 01:53:47', 0, '2019-03-21 05:53:47', '0'),
(133, 145, 'Summarecon Mal Bekasi Downtown Walk Unit FB 111-112, Jl. Boulevard Raya, Marga Mulya, Bekasi Utara, Kota Bks, Jawa Barat 17143', '-6.1864864', '106.83409110000002', '12', 1, '2019-03-21 01:54:05', 0, '2019-03-21 05:54:05', '0'),
(134, 146, 'GF, 128 , Summarecon Mall Bekasi , JL. Boulevard Ahmad Yani , Sentra Summarecon, 17142 Bekasi, Jawa Barat, Marga Mulya, North Bekasi, Bekasi City, West Java 17123', '-6.1864864', '106.83409110000002', '12', 1, '2019-03-21 01:54:24', 0, '2019-03-21 05:54:24', '0'),
(135, 147, 'Marga Mulya, North Bekasi, Bekasi City, West Java 17143', '-6.1864864', '106.83409110000002', '12', 1, '2019-03-21 01:54:42', 0, '2019-03-21 05:54:42', '0'),
(136, 148, 'GF, 128 , Summarecon Mall Bekasi , JL. Boulevard Ahmad Yani , Sentra Summarecon, 17142 Bekasi, Jawa Barat, Marga Mulya, North Bekasi, Bekasi City, West Java 17123', '-6.1864864', '106.83409110000002', '12', 1, '2019-03-21 01:55:10', 0, '2019-03-21 05:55:10', '0'),
(137, 149, 'Jl. Bulevar Barat, Medan Satria,Bekasi.', '-6.1864864', '106.83409110000002', '12', 1, '2019-03-21 01:55:33', 0, '2019-03-21 05:55:33', '0'),
(138, 150, 'Summarecon Bekasi Blok VA-23, Jl. Bulevar Timur Auto Exhibition Centre, Pejuang, Medan Satria, Kota Bks, Jawa Barat 17131', '-6.1864864', '106.83409110000002', '12', 1, '2019-03-21 01:56:01', 0, '2019-03-21 05:56:01', '0'),
(139, 152, 'Grand Wisata  Bekasi', '-6.1864864', '106.83409110000002', '12', 1, '2019-03-21 01:57:07', 0, '2019-03-21 05:57:07', '0'),
(140, 151, 'Kota Legenda, Bekasi', '-6.1864864', '106.83409110000002', '12', 1, '2019-03-21 01:57:41', 0, '2019-03-21 05:57:41', '0'),
(141, 153, 'JL. TOL CAWANG - CIKAMPEK JATIMULYA, TAMBUN SELATAN - BEKASI', '-6.1864864', '106.83409110000002', '12', 1, '2019-03-21 01:59:23', 0, '2019-03-21 05:59:23', '0'),
(142, 154, 'CAFE WALK GRAND WISATA, JL FESTIVAL BOULEVARD LAMBANGSARI, TAMBUN SELATAN KAB. BEKASI JAWA BARAT', '-6.1864864', '106.83409110000002', '12', 1, '2019-03-21 01:59:43', 0, '2019-03-21 05:59:43', '0'),
(143, 156, 'Grand Wisata Celebration Boulevard Blok AA 10 No.9 Bekasi', '-6.1864864', '106.83409110000002', '12', 1, '2019-03-21 02:02:17', 0, '2019-03-21 06:02:17', '0'),
(144, 157, 'Grand Galaxy Park Lantai 1 Unit D32, Jl. Grand Galaxy City Central Park 3 Jl. Boulevard Raya No.1, Jaka Setia, Bekasi Sel., Kota Bks, Jawa Barat 17147', '-6.1864864', '106.83409110000002', '12', 1, '2019-03-21 02:02:27', 0, '2019-03-21 06:02:27', '0'),
(145, 158, 'Grand Galaxy Park Mall Lantai 1 Unit G-D8A & G-D8B, Jl. Grand Galaxy Boulevard, No. 1, Jaka Setia, Bekasi Sel., Kota Bks, Jawa Barat 17147', '-6.1864864', '106.83409110000002', '12', 1, '2019-03-21 02:02:42', 0, '2019-03-21 06:02:42', '0'),
(146, 159, 'Pondok Timur Raya Kel Jati Mulya Kec. Tambun, Mustikasari, Mustikajaya, Kota Bks, Jawa Barat 17510', '-6.1864864', '106.83409110000002', '12', 1, '2019-03-21 02:02:58', 0, '2019-03-21 06:02:58', '0'),
(147, 160, 'Ruko Kalimas Blok B No.6, Jalan Chairil Anwar, Margahayu, Bekasi Timur, Margahayu, Bekasi Tim., Kota Bks, Jawa Barat 17111', '-6.1864864', '106.83409110000002', '12', 1, '2019-03-21 02:03:14', 0, '2019-03-21 06:03:14', '0'),
(148, 161, 'Metropolitan Mall, Jl. KH. Noer Ali No.20, Pekayon Jaya, Bekasi Sel., Kota Bks, Jawa Barat 17148', '-6.1864864', '106.83409110000002', '12', 1, '2019-03-21 02:03:31', 0, '2019-03-21 06:03:31', '0'),
(149, 162, 'Grand Metropolitan Mall Lantai Dasar, Jalan KH. Noer Alie, Pekayon Jaya, Bekasi Selatan, Pekayon Jaya, Bekasi Sel., Kota Bks, Jawa Barat 17148', '-6.1864864', '106.83409110000002', '12', 1, '2019-03-21 02:03:56', 0, '2019-03-21 06:03:56', '0'),
(150, 163, 'JL. KH NOER ALI NO 48. BEKASI', '-6.1864864', '106.83409110000002', '12', 1, '2019-03-21 02:04:23', 0, '2019-03-21 06:04:23', '0'),
(151, 164, 'JL. KH NOER ALI NO 48. BEKASI', '-6.1864864', '106.83409110000002', '12', 1, '2019-03-21 02:04:41', 0, '2019-03-21 06:04:41', '0'),
(152, 165, 'Metropolitan Mall, Jl. KH. Noer Ali No.20, Pekayon Jaya, Bekasi Sel., Kota Bks, Jawa Barat 17148', '-6.1864864', '106.83409110000002', '12', 1, '2019-03-21 02:04:59', 0, '2019-03-21 06:04:59', '0'),
(153, 166, 'Jalan Raya Bekasi KM.28,5, Kota Baru, Bekasi Bar., Kota Bks, Jawa Barat 17133', '-6.1864864', '106.83409110000002', '12', 1, '2019-03-21 02:05:18', 0, '2019-03-21 06:05:18', '0'),
(154, 167, 'Grand Mall Bekasi, Jl. Jend.Sudirman No. 99, Kranji, Bekasi Barat, Harapan Mulya, Medan Satria, Kota Bks, Jawa Barat 17145', '-6.1864864', '106.83409110000002', '12', 1, '2019-03-21 02:05:42', 0, '2019-03-21 06:05:42', '0'),
(155, 168, 'BEKASI', '-6.1864864', '106.83409110000002', '12', 1, '2019-03-21 02:06:05', 0, '2019-03-21 06:06:05', '0'),
(156, 169, 'Jl. Bintara Raya No.18, Bintara, Bekasi Bar., Kota Bks, Jawa Barat 17134', '-6.1864864', '106.83409110000002', '12', 1, '2019-03-21 02:06:24', 0, '2019-03-21 06:06:24', '0'),
(157, 170, 'Jl. Sultan Agung No.7, Medan Satria, Kota Bks, Jawa Barat 17132', '-6.1864864', '106.83409110000002', '12', 1, '2019-03-21 02:07:26', 0, '2019-03-21 06:07:26', '0'),
(158, 171, 'Jl.Ahmad Yani Blok A-6 No.10 Bekasi', '-6.1864864', '106.83409110000002', '12', 1, '2019-03-21 02:08:35', 0, '2019-03-21 06:08:35', '0'),
(159, 172, 'Jl. Ahmad Yani No. 9 , Margajaya Bekasi', '-6.1864864', '106.83409110000002', '12', 1, '2019-03-21 02:09:03', 0, '2019-03-21 06:09:03', '0'),
(160, 173, 'Jl. Ahmad Yani No. 9 , Margajaya Bekasi', '-6.1864864', '106.83409110000002', '12', 1, '2019-03-21 02:09:38', 0, '2019-03-21 06:09:38', '0'),
(161, 174, 'Jl. Jend. Ahmad Yani, Kayuringin Jaya, Bekasi Sel., Kota Bks, Jawa Barat 17144', '-6.1864864', '106.83409110000002', '12', 1, '2019-03-21 02:10:43', 0, '2019-03-21 06:10:43', '0'),
(162, 175, 'RUKAN SENTRA NIAGA KALIMALANG, Jl. Jend. Ahmad Yani, Kayuringin Jaya, Bekasi Sel., Kota Bks, Jawa Barat 17144', '-6.1864864', '106.83409110000002', '12', 1, '2019-03-21 02:11:01', 0, '2019-03-21 06:11:01', '0'),
(163, 176, 'Mega Hypermall, lobby Upper Ground, no.1, Jl. Jend. Ahmad Yani, Marga Jaya, Bekasi Sel., Kota Bks, Jawa Barat 17148', '-6.1864864', '106.83409110000002', '12', 1, '2019-03-21 02:11:31', 0, '2019-03-21 06:11:31', '0'),
(164, 177, 'JL. K.H. NOER ALI NO 3A KALIMALANG BEKASI', '-6.1864864', '106.83409110000002', '12', 1, '2019-03-21 02:11:50', 0, '2019-03-21 06:11:50', '0'),
(165, 178, 'Ruko Bekasi Town Square Blok 1-2, Jalan Chairil Anwar, Margahayu, Bekasi Timur, Margahayu, Bekasi Tim., Kota Bks, Jawa Barat 17113', '-6.1864864', '106.83409110000002', '12', 1, '2019-03-21 02:12:14', 0, '2019-03-21 06:12:14', '0'),
(166, 179, 'Jl.Boulevard Raya Blok H No.13 Bekasi', '-6.1864864', '106.83409110000002', '12', 1, '2019-03-21 02:12:30', 0, '2019-03-21 06:12:30', '0'),
(167, 180, 'Perum Kemang Pratama Jl. Kemang Pratama Raya Blok AK No.6 Kec. Rawa Lumbu, Bojong Rawalumbu, Bekasi City, West Java 17116\n', '-6.1864864', '106.83409110000002', '12', 1, '2019-03-21 02:12:53', 0, '2019-03-21 06:12:53', '0'),
(168, 181, 'Jl. Bulan No.31, Jaka Setia, Bekasi Sel., Kota Bks, Jawa Barat 17147', '-6.1864864', '106.83409110000002', '12', 1, '2019-03-21 02:13:24', 0, '2019-03-21 06:13:24', '0'),
(169, 182, 'Komplek Ruko Kemang Pratama Blok AN No. 1A, Jl. Kemang Pratama Raya, Bojong Rawalumbu, Kota Bks, Jawa Barat 17116', '-6.1864864', '106.83409110000002', '12', 1, '2019-03-21 02:13:48', 0, '2019-03-21 06:13:48', '0'),
(170, 183, 'BEKASI', '-6.1864864', '106.83409110000002', '12', 1, '2019-03-21 02:20:14', 0, '2019-03-21 06:20:14', '0'),
(171, 184, 'Jalan Ir. Haji Juanda No.54 Bekasi Jaya, Margahayu, Bekasi Tim., Kota Bks, Jawa Barat 17112', '-6.1864864', '106.83409110000002', '12', 1, '2019-03-21 02:21:14', 0, '2019-03-21 06:21:14', '0'),
(172, 185, 'Rukan Grand Galaxy City Blok RGK, Jl. Pulo Sirih Utama No.606, Jaka Setia, Bekasi Sel., Kota Bks, Jawa Barat 17148', '-6.1864864', '106.83409110000002', '12', 1, '2019-03-21 02:21:35', 0, '2019-03-21 06:21:35', '0'),
(173, 186, 'GARDENIA RAYA BLOK BA.I NO 11 RT 005 RW O17 KELURAHAN JAKA SETIA, KECAMATAN BEKASI SELATAN KOTAMADYA BEKASI JAWA BARAT', '-6.1864864', '106.83409110000002', '12', 1, '2019-03-21 02:21:58', 0, '2019-03-21 06:21:58', '0'),
(174, 187, 'JL. KH NOER ALI KAV 1 PERUMNAS NAGA, BEKASI', '-6.1864864', '106.83409110000002', '12', 1, '2019-03-21 02:22:12', 0, '2019-03-21 06:22:12', '0'),
(175, 188, 'Bekasi Square, Jl. Jend. Ahmad Yani, Pekayon Jaya, Bekasi Sel., Kota Bks, Jawa Barat 17148', '-6.1864864', '106.83409110000002', '12', 1, '2019-03-21 02:23:13', 0, '2019-03-21 06:23:13', '0'),
(176, 189, 'Jalan Achmad Yani Kav 1, Mall Revotown Lantai GF no 85-89, Selatan, Pekayon Jaya, Tambelang, Kota Bks, Jawa Barat 17148', '-6.1864864', '106.83409110000002', '12', 1, '2019-03-21 02:23:29', 0, '2019-03-21 06:23:29', '0'),
(177, 190, 'Rukan Sentra Niaga Kalimalang, Blok A3 No. 5, JL. Jend. Ahmad Yani, Marga Jaya, Bekasi Sel., Kota Bks, Jawa Barat 17141', '-6.1864864', '106.83409110000002', '12', 1, '2019-03-21 02:25:09', 0, '2019-03-21 06:25:09', '0'),
(178, 191, 'KAWASAN INDUSTRI MM2100 JL. SULAWESI II BLOK F-3 & F-4, CIKARANG BARAT - BEKASI', '-6.1864864', '106.83409110000002', '12', 1, '2019-03-21 02:25:29', 0, '2019-03-21 06:25:29', '0'),
(179, 192, 'KAWASAN INDUSTRIAL MM2100 BLOK E-8, CIBITUNG', '-6.1864864', '106.83409110000002', '12', 1, '2019-03-21 02:25:49', 0, '2019-03-21 06:25:49', '0'),
(180, 193, 'MM2100 Industrial Town Block M-1-1, Cikarang Barat, Bekasi, Gandamekar, Cikarang Bar., Bekasi, Jawa Barat 17520', '-6.1864864', '106.83409110000002', '12', 1, '2019-03-21 02:26:03', 0, '2019-03-21 06:26:03', '0'),
(181, 194, 'Ruko Mal Bekasi Fajar Blok A Lt. 1 No. 2, 3, 4, Kawasan Industri MM2100, Wanajaya, Cibitung, Bekasi, West Java 17520', '-6.1864864', '106.83409110000002', '12', 1, '2019-03-21 02:26:43', 0, '2019-03-21 06:26:43', '0'),
(182, 195, 'KOMPLEK PERKANTORAN KAWASAN INDUSTRI MM2100 BLOK C NO. 12 A DAN B, CIBITUNG SELATAN - BEKASI', '-6.1864864', '106.83409110000002', '12', 1, '2019-03-21 02:27:09', 0, '2019-03-21 06:27:09', '0'),
(183, 196, 'KAWASAN MM2100, JL. KALIMANTAN BLOK CA NO. 2-3, GANDASARI, CIKARANG BARAT, BEKASI, JAWA BARAT 17842', '-6.1864864', '106.83409110000002', '12', 1, '2019-03-21 02:27:35', 0, '2019-03-21 06:27:35', '0'),
(184, 197, 'KAWASAN INDUSTRI MM2100 , JL. IRIAN BLOK JJ-3-1 JL. IRIAN, JATIWANGI, CIKARANG, BEKASI, JAWA BARAT', '-6.1864864', '106.83409110000002', '12', 1, '2019-03-21 02:28:14', 0, '2019-03-21 06:28:14', '0'),
(185, 198, 'MM2100 INDUSTRIAL TOWN BLOK I 1-2 GANDAMEKAR, CIBITUNG, BEKASI, JAWA BARAT - 17520', '-6.1864864', '106.83409110000002', '12', 1, '2019-03-21 02:28:36', 0, '2019-03-21 06:28:36', '0'),
(186, 199, 'JALAN INTI I BLOK C1 NO.3 CIKARANG SELATAN, JAWA BARAT 17530', '-6.1864864', '106.83409110000002', '12', 1, '2019-03-21 02:28:51', 0, '2019-03-21 06:28:51', '0'),
(187, 200, 'Kawasan Industri MM 2100 Blok NN 8-1, Jl. Irian, Jatiwangi, Cikarang Bar., Bekasi, Jawa Barat 17530', '-6.1864864', '106.83409110000002', '12', 1, '2019-03-21 02:29:07', 0, '2019-03-21 06:29:07', '0'),
(188, 201, 'Jl. Timor Blok E5, MM2100 - Ejip Bridge, Industrial, Cikarang Bar., Bekasi, Jawa Barat 17530', '-6.1864864', '106.83409110000002', '12', 1, '2019-03-21 02:29:24', 0, '2019-03-21 06:29:24', '0'),
(189, 202, 'KAWASAN MM2100 BLOK CG 5-1, CIBITUNG - BEKASI', '-6.1864864', '106.83409110000002', '12', 1, '2019-03-21 02:29:51', 0, '2019-03-21 06:29:51', '0'),
(190, 203, 'Jl. Jababeka Raya, Blok R, Wangunharja, Cikarang Utara, Wangunharja, Cikarang Utara, Bekasi, Jawa Barat 17550', '-6.1864864', '106.83409110000002', '12', 1, '2019-03-21 02:31:12', 0, '2019-03-21 06:31:12', '0'),
(191, 204, 'Kawasan Industri Jababeka II, Blok. LL No.1, Pasirsari, Sel., Jalan Industri Selatan, Pasirsari, Cikarang Selatan, Pasirsari, Cikarang Sel., Bekasi, Jawa Barat 17530', '-6.1864864', '106.83409110000002', '12', 1, '2019-03-21 02:31:28', 0, '2019-03-21 06:31:28', '0'),
(192, 205, 'Kawasan Industri MM 2100 Blok NN 8-1, Jl. Irian, Jatiwangi, Cikarang Bar., Bekasi, Jawa Barat 17530', '-6.1864864', '106.83409110000002', '12', 1, '2019-03-21 02:31:42', 0, '2019-03-21 06:31:42', '0'),
(193, 206, 'MM2100 INDUSTRIAL TOWN BLOCK FF-3,5,6, CIKARANG BARAT - BEKASI', '-6.1864864', '106.83409110000002', '12', 1, '2019-03-21 02:32:02', 0, '2019-03-21 06:32:02', '0'),
(194, 207, 'JL. CHAIRIL ANWAR NO.27 RT.004 RW.009, MARGAHAYU - BEKASI TIMUR', '-6.1864864', '106.83409110000002', '12', 1, '2019-03-21 02:32:18', 0, '2019-03-21 06:32:18', '0'),
(195, 208, 'JL. CHAIRIL ANWAR NO.27 RT.004 RW.009, MARGAHAYU - BEKASI TIMUR', '-6.1864864', '106.83409110000002', '12', 1, '2019-03-21 02:32:36', 0, '2019-03-21 06:32:36', '0'),
(196, 209, 'JL. Cut Mutia Raya  No. 125 Margahayu Bekasi Timur Kota Bekasi Jawa barat', '-6.1864864', '106.83409110000002', '12', 1, '2019-03-21 02:32:51', 0, '2019-03-21 06:32:51', '0'),
(197, 210, 'Jl.Nusantara Raya blok A2 /35 RT 06, RT.11, Aren Jaya, Bekasi Tim., Kota Bks, Jawa Barat 17111', '-6.1864864', '106.83409110000002', '12', 1, '2019-03-21 02:33:08', 0, '2019-03-21 06:33:08', '0'),
(198, 211, 'Pekayon Jaya, Pondok Gede, Jl. Raya Jati Asih, RT.05/RW.01, Jaka Setia, Bekasi Sel., Kota Bks, Jawa Barat 17147', '-6.1864864', '106.83409110000002', '12', 1, '2019-03-21 02:34:11', 0, '2019-03-21 06:34:11', '0'),
(199, 197, 'JL. IMAM BONJOL KM. 44 DS. TELAGA ASIH, KEC. CIKARANG BARAT, BEKASI', '-6.1864864', '106.83409110000002', '12', 1, '2019-03-21 02:38:45', 0, '2019-03-21 06:38:45', '0'),
(200, 213, 'Desa Jatimulya, Jalan Diponegoro KM. 39, Tambun Selatan, Setiamekar, Tambun Sel., Bekasi, Jawa Barat 17510', '-6.1864864', '106.83409110000002', '12', 1, '2019-03-21 02:39:30', 0, '2019-03-21 06:39:30', '0'),
(201, 214, 'Kawasan Industri Cibitung PT. Gunung Garuda Jl. Imam Bonjol No.4 Cibitung Bekasi, Sukadanau, West Cikarang, Kab. Bekasi, West Java 17530', '-6.1864864', '106.83409110000002', '12', 1, '2019-03-21 02:39:45', 0, '2019-03-21 06:39:45', '0'),
(202, 215, 'Jalan Teuku Umar KM. 45 No. 26, Cibitung, Sukadanau, Cikarang Barat, Sukadanau, Cikarang Bar., Bekasi, Jawa Barat 17530', '-6.1864864', '106.83409110000002', '12', 1, '2019-03-21 02:40:01', 0, '2019-03-21 06:40:01', '0'),
(203, 216, 'Naga Swalayan Tambun, Jl. Diponegoro Km. 39, Tambun, Setiamekar, Bekasi, Jawa Barat, 17510', '-6.1864864', '106.83409110000002', '12', 1, '2019-03-21 02:40:59', 0, '2019-03-21 06:40:59', '0'),
(204, 217, 'Jl. Raya Mangun Jaya No.128-53, Mangunjaya, Tambun Sel., Bekasi, Jawa Barat 17510', '-6.1864864', '106.83409110000002', '12', 1, '2019-03-21 02:41:23', 0, '2019-03-21 06:41:23', '0'),
(205, 218, 'JL. RAYA B. BOSIH KP. SELANG CAU RT 002 RW 002, WANASARI - CIBITUNG BEKASI', '-6.1864864', '106.83409110000002', '12', 1, '2019-03-21 02:45:59', 0, '2019-03-21 06:45:59', '0'),
(206, 219, 'NM 2 FOOD COURT JL. BOSIH RAYA, RUKO NO. 20-21, SELANG CIBITUNG KAB. BEKASI JAWA BARAT', '-6.1864864', '106.83409110000002', '12', 1, '2019-03-21 02:46:42', 0, '2019-03-21 06:46:42', '0'),
(207, 220, 'Jl. Mekarsari Tengah No.34, Mekarsari, Tambun Sel., Bekasi, Jawa Barat 17510', '-6.1864864', '106.83409110000002', '12', 1, '2019-03-21 02:51:34', 0, '2019-03-21 06:51:34', '0'),
(208, 221, 'Jl. Imam Bonjol No.8, Cibitung, Warung Bongkok, Telagamurni, Cikarang Bar., Bekasi, Jawa Barat 17520', '-6.1864864', '106.83409110000002', '12', 1, '2019-03-21 02:51:57', 0, '2019-03-21 06:51:57', '0'),
(209, 223, 'Jl. Grand Wisata, Lambangjaya, Tambun Sel., Bekasi, Jawa Barat 17510', '-6.1864864', '106.83409110000002', '12', 1, '2019-03-21 02:57:03', 0, '2019-03-21 06:57:03', '0'),
(210, 224, 'Jl. Chairil Anwar No.27-36, Margahayu, Bekasi Tim., Kota Bks, Jawa Barat 17113', '-6.1864864', '106.83409110000002', '12', 1, '2019-03-21 02:57:29', 0, '2019-03-21 06:57:29', '0'),
(211, 225, 'Ruko Kalimas, Jalan Chairil Anwar, Blok C-5-6, Margahayu, Bekasi Tim., Kota Bks, Jawa Barat 17113', '-6.1864864', '106.83409110000002', '12', 1, '2019-03-21 02:57:48', 0, '2019-03-21 06:57:48', '0'),
(212, 226, 'JL. BOULEVARD UTARA KAWASAN SUMMARECON L, MARGA MULYA, BEKASI UTARA, KOTA BEKASI, JAWA BARAT', '-6.1864864', '106.83409110000002', '12', 1, '2019-03-21 02:58:03', 0, '2019-03-21 06:58:03', '0'),
(213, 227, 'Jl. Galuh Mas Raya No.1, Sukaharja, Telukjambe Timur, Kabupaten Karawang, Jawa Barat 41361', '-6.1864864', '106.83409110000002', '12', 1, '2019-03-21 02:58:18', 0, '2019-03-21 06:58:18', '0'),
(214, 228, 'Jl. Galuh Mas Raya, Sukaharja, Telukjambe Timur, Kabupaten Karawang, Jawa Barat 41361', '-6.1864864', '106.83409110000002', '12', 1, '2019-03-21 02:58:35', 0, '2019-03-21 06:58:35', '0'),
(215, 229, 'Jl. Arteri Galuh Mas Blok A1, Perumnas 1, Kel. Teluk Jambe, Kec. Karawang, Barat, Sukaharja, Telukjambe Timur, Sukaharja, East Telukjambe, Karawang Regency, West Java 41316', '-6.1864864', '106.83409110000002', '12', 1, '2019-03-21 02:58:52', 0, '2019-03-21 06:58:52', '0'),
(216, 230, 'technomart, Sukaharja, Telukjambe Timur, Kabupaten Karawang, Jawa Barat 41361', '-6.1864864', '106.83409110000002', '12', 1, '2019-03-21 03:04:18', 0, '2019-03-21 07:04:18', '0'),
(217, 231, 'Perumahan Kota Galuh Mas Kawasan Niaga Topaz No.18 Blok A, Sukaharja, East Telukjambe, Karawang Regency, West Java 41361', '-6.1864864', '106.83409110000002', '12', 1, '2019-03-21 03:06:36', 0, '2019-03-21 07:06:36', '0'),
(218, 232, 'Cikarang Industrial Estate Jl.Jababeka Raya, Blok R Cikarang Bekasi 17550', '-6.1864864', '106.83409110000002', '12', 1, '2019-03-21 03:07:01', 0, '2019-03-21 07:07:01', '0'),
(219, 233, 'Cikarang Industrial Estate Jl.Jababeka Raya, Blok R Cikarang Bekasi 17550', '-6.1864864', '106.83409110000002', '12', 1, '2019-03-21 03:10:42', 0, '2019-03-21 07:10:42', '0'),
(220, 235, 'Jl. Cut Mutia, Margahayu, Bekasi Tim., Kota Bks, Jawa Barat 17113', '-6.1864864', '106.83409110000002', '12', 1, '2019-03-21 03:14:18', 0, '2019-03-21 07:14:18', '0'),
(221, 236, 'Jl. Kemakmuran No.39, Marga Jaya, Bekasi Sel., Kota Bks, Jawa Barat 17141', '-6.1864864', '106.83409110000002', '12', 1, '2019-03-21 03:14:40', 0, '2019-03-21 07:14:40', '0'),
(222, 237, 'JL. JENDRAL AHMAD YANI NO. 88 RT 004 RW 001 MARGAJAYA, BEKASI SELATAN, KOTAMADYA BEKASI, JAWA BARAT', '-6.1864864', '106.83409110000002', '12', 1, '2019-03-21 03:15:26', 0, '2019-03-21 07:15:26', '0'),
(223, 238, 'Jl. Jend. Ahmad Yani No.5, Marga Jaya, Bekasi Sel., Kota Bks, Jawa Barat 17141', '-6.1864864', '106.83409110000002', '12', 1, '2019-03-21 03:15:44', 0, '2019-03-21 07:15:44', '0'),
(224, 239, 'JL. JEND. SUDIRMAN NO. 19, BEKASI', '-6.1864864', '106.83409110000002', '12', 1, '2019-03-21 03:18:11', 0, '2019-03-21 07:18:11', '0'),
(225, 240, 'JL. JEND. SUDIRMAN NO. 19, BEKASI', '-6.1864864', '106.83409110000002', '12', 1, '2019-03-21 03:23:29', 0, '2019-03-21 07:23:29', '0'),
(226, 241, 'JALAN RAYA BUNI BAKTI, BABELAN BEKASI JAWA BARAT 17610', '-6.1864864', '106.83409110000002', '12', 1, '2019-03-21 03:47:40', 0, '2019-03-21 07:47:40', '0'),
(227, 242, 'BEKASI', '-6.1864864', '106.83409110000002', '12', 1, '2019-03-21 03:48:04', 0, '2019-03-21 07:48:04', '0'),
(228, 243, 'JL. Bulevar Barat , ruko Topaz Commercial Blok TCB 16 - TCB 17 Kel. Harapan Mulya , Kec. medan Satria Summarecon . Bekasi Utara 17143, Bekasi, Jawa barat, 17143, Indonesia', '-6.1864864', '106.83409110000002', '12', 1, '2019-03-21 03:48:23', 0, '2019-03-21 07:48:23', '0'),
(229, 244, 'Ruko Emerald Commercial Blok UA/23,Kel. Harapan Mulya, Kec. Bekasi Utara Kotamadya Bekas', '-6.1864864', '106.83409110000002', '12', 1, '2019-03-21 03:48:40', 0, '2019-03-21 07:48:40', '0'),
(230, 246, 'Ruko Emerald Commerical Blok UC No. 06, Marga Mulya, Bekasi Utara, Kota Bks, Jawa Barat 17510', '-6.1864864', '106.83409110000002', '12', 1, '2019-03-21 03:49:13', 0, '2019-03-21 07:49:13', '0'),
(231, 247, 'Jl. Bulevar Ahmad Yani, Harapan Mulya,BekasiUtara, KotaBekasi, Jawa Barat 17143', '-6.1864864', '106.83409110000002', '12', 1, '2019-03-21 03:52:48', 0, '2019-03-21 07:52:48', '0'),
(232, 248, 'Jl. Grand Galaxy Boulevard No.1, Jaka Setia, Bekasi Sel., Kota Bks, Jawa Barat 17147', '-6.1864864', '106.83409110000002', '12', 1, '2019-03-21 03:53:34', 0, '2019-03-21 07:53:34', '0'),
(233, 249, 'Jl. Raya Siliwangi No.74, Sepanjang Jaya, Rawalumbu, Kota Bks, Jawa Barat 17114', '-6.1864864', '106.83409110000002', '12', 1, '2019-03-21 03:54:02', 0, '2019-03-21 07:54:02', '0'),
(234, 250, 'JL. TEUKU UMAR, SEPANJANG JAYA', '-6.1864864', '106.83409110000002', '12', 1, '2019-03-21 03:54:16', 0, '2019-03-21 07:55:17', '1'),
(235, 251, 'Jalan Kemang Pratama Raya, Bojong Rawalumbu, Rawalumbu, Bojong Rawalumbu, Kota Bks, Jawa Barat 17116', '-6.1864864', '106.83409110000002', '12', 1, '2019-03-21 03:55:56', 0, '2019-03-21 07:55:56', '0'),
(236, 252, 'KP.CIJENGKOL (KANTOR PEMASARAN GRAND RESIDENCE), RT/RW : 002/003 CIJENGKOL - SETU BEKASI', '-6.1864864', '106.83409110000002', '12', 1, '2019-03-21 04:04:04', 0, '2019-03-21 08:04:04', '0'),
(237, 253, 'Jl.Grand Galaxy Boulevard No.1 Bekasi', '-6.1864864', '106.83409110000002', '12', 1, '2019-03-21 04:04:28', 0, '2019-03-21 08:04:28', '0'),
(238, 254, 'Perumahan Grand Wisata, Jl. Celebration Boulevard No.55-56, Lambangsari, Tambun Sel., Bekasi, Jawa Barat 17510', '-6.1864864', '106.83409110000002', '12', 1, '2019-03-21 04:05:10', 0, '2019-03-21 08:06:06', '1'),
(239, 255, 'Jl. Narogong Raya No.40, Bantargebang, Kota Bks, Jawa Barat 17151', '-6.1864864', '106.83409110000002', '12', 1, '2019-03-21 04:06:42', 0, '2019-03-21 08:06:42', '0'),
(240, 256, 'Hollywood Junction, Cikarang, Mekarmukti, Cikarang Utara, Bekasi, Jawa Barat 17530', '-6.1864864', '106.83409110000002', '12', 1, '2019-03-21 04:08:57', 0, '2019-03-21 08:08:57', '0'),
(241, 257, 'Hollywood Junction, Cikarang, Mekarmukti, Cikarang Utara, Bekasi, Jawa Barat 17530', '-6.1864864', '106.83409110000002', '12', 1, '2019-03-21 04:09:14', 0, '2019-03-21 08:09:14', '0'),
(242, 258, 'Mekarmukti, North Cikarang, Bekasi, West Java 17530', '-6.1864864', '106.83409110000002', '12', 1, '2019-03-21 04:09:28', 0, '2019-03-21 08:09:28', '0'),
(243, 259, 'Mekarmukti, North Cikarang, Bekasi, West Java 17530', '-6.1864864', '106.83409110000002', '12', 1, '2019-03-21 04:09:44', 0, '2019-03-21 08:09:44', '0'),
(244, 260, 'Plaza Jababeka, Jl. Niaga Raya No.Kav.1-4, Mekarmukti, Cikarang Utara, Bekasi, Jawa Barat 17114', '-6.1864864', '106.83409110000002', '12', 1, '2019-03-21 04:10:01', 0, '2019-03-21 08:10:01', '0'),
(245, 261, 'Jl. Taman Tropika, Sertajaya, Cikarang Tim., Bekasi, Jawa Barat 17825', '-6.1864864', '106.83409110000002', '12', 1, '2019-03-21 04:10:23', 0, '2019-03-21 08:10:23', '0'),
(246, 262, 'Jalan Re Martadinata No.1, RT.1/RW.4, Cikarang Kota, Cikarang Utara, Bekasi, Jawa Barat 17530', '-6.1864864', '106.83409110000002', '12', 1, '2019-03-21 04:10:42', 0, '2019-03-21 08:10:42', '0'),
(247, 263, 'JL.INDUSTRI RT 003 RW 003 CIKARANG KOTA, CIKARANG UTARA - BEKASI', '-6.1864864', '106.83409110000002', '12', 1, '2019-03-21 04:11:31', 0, '2019-03-21 08:11:31', '0'),
(248, 264, 'Jl. Imam Bonjol No.8, Cibitung, Warung Bongkok, Telagamurni, Cikarang Bar., Bekasi, Jawa Barat 17520', '-6.1864864', '106.83409110000002', '12', 1, '2019-03-21 04:11:50', 0, '2019-03-21 08:11:50', '0'),
(249, 265, 'Jl. Jababeka XIIB Blok W No.39, Harja Mekar, Cikarang Utara, Bekasi, Jawa Barat 17530', '-6.1864864', '106.83409110000002', '12', 1, '2019-03-21 04:12:07', 0, '2019-03-21 08:12:07', '0'),
(250, 266, 'Margakaya, West Telukjambe, Karawang Regency, West Java 41361', '-6.1864864', '106.83409110000002', '12', 1, '2019-03-21 04:15:48', 0, '2019-03-21 08:15:48', '0'),
(251, 267, 'Jalan Jend. Sudirman, Cikampek Kota, Cikampek, Cikampek Kota, Cikampek, Kabupaten Karawang, Jawa Barat 41373', '-6.1864864', '106.83409110000002', '12', 1, '2019-03-21 04:16:07', 0, '2019-03-21 08:16:07', '0'),
(252, 268, 'South Cikampek, Cikampek, Karawang Regency, West Java 41373', '-6.1864864', '106.83409110000002', '12', 1, '2019-03-21 04:16:39', 0, '2019-03-21 08:16:39', '0'),
(253, 269, 'Jl. Raya Telaga Harapan No.10, Telagamurni, Cikarang Bar., Bekasi, Jawa Barat 17530', '-6.1864864', '106.83409110000002', '12', 1, '2019-03-21 04:17:25', 0, '2019-03-21 08:17:25', '0'),
(254, 270, 'MALL CIKAMPEK, Jl. Jend. Ahmad Yani No.29, Dawuan Tengah, Cikampek, Kabupaten Karawang, Jawa Barat 41373', '-6.1864864', '106.83409110000002', '12', 1, '2019-03-21 04:17:41', 0, '2019-03-21 08:17:41', '0'),
(255, 271, 'Bukit Indah Cikampek Blok C1 No. 5A, Cikampek, Kalihurip, Cikampek, Kabupaten Karawang, Jawa Barat 41373', '-6.1864864', '106.83409110000002', '12', 1, '2019-03-21 04:18:00', 0, '2019-03-21 08:18:00', '0'),
(256, 272, 'Jakarta - Cikampek Toll Rd, Pasirtanjung, Central Cikarang, Bekasi, West Java 17530', '-6.1864864', '106.83409110000002', '12', 1, '2019-03-21 04:18:20', 0, '2019-03-21 08:18:20', '0'),
(257, 273, 'Cikampek Mall, Jl. Jend. Ahmad Yani No.76, Dawuan Tengah, Cikampek, Kabupaten Karawang, Jawa Barat 41373', '-6.1864864', '106.83409110000002', '12', 1, '2019-03-21 04:18:37', 0, '2019-03-21 08:18:37', '0'),
(258, 274, 'Block 6, 7, 8 Sector AI, Kota Bukit Indah Dangdeur, Bungursari, Dangdeur, Bungursari, Kabupaten Purwakarta, Jawa Barat 41183', '-6.1864864', '106.83409110000002', '12', 1, '2019-03-21 04:18:56', 0, '2019-03-21 08:18:56', '0');
INSERT INTO `customer_address` (`address_id`, `customer_id`, `address`, `address_lat`, `address_long`, `address_zoom`, `created_by`, `created_date`, `update_by`, `update_date`, `deleted`) VALUES
(259, 275, 'KOMP SENTRA NIAGA KOTA BUKIT INDAH AII NO.29 RT.RW, KEL.DANGDEUR KEC.BUNGURSARI, PURWAKARTA - JAWA BARAT', '-6.1864864', '106.83409110000002', '12', 1, '2019-03-21 04:19:58', 0, '2019-03-21 08:19:58', '0'),
(260, 276, 'JL.RAYA CIKOPO, BUNGURSARI SAMPING KANAN, GERBANG BIC PURWAKARTA', '-6.1864864', '106.83409110000002', '12', 1, '2019-03-21 04:20:19', 0, '2019-03-21 08:20:19', '0'),
(261, 277, 'MULIA BUSINESS PARK, BUILDING F, JL.MT HARYONO, KAV 58-60, PANCORAN - JAKARTA SELATAN', '-6.1864864', '106.83409110000002', '12', 1, '2019-03-21 04:20:38', 0, '2019-03-21 08:20:38', '0'),
(262, 278, 'JL. Bukit Akasia II, Kota Bukit Indah, Dangdeur, Purwakarta, Kabupaten Purwakarta, Jawa Barat 41181', '-6.1864864', '106.83409110000002', '12', 1, '2019-03-21 04:20:57', 0, '2019-03-21 08:20:57', '0'),
(263, 279, 'KAWASAN BUKIT INDAH - CIKAMPEK', '-6.1864864', '106.83409110000002', '12', 1, '2019-03-21 04:21:59', 0, '2019-03-21 08:21:59', '0'),
(264, 280, 'Kawasan Industri Indotaisei Blok. F No.1, Jalan Raya Kawasan Industri, Kalihurip, Cikampek, Kalihurip, Cikampek, Purwakarta, Jawa Barat 41373', '-6.1864864', '106.83409110000002', '12', 1, '2019-03-21 04:22:23', 0, '2019-03-21 08:22:23', '0'),
(265, 281, 'BUKIT INDAH CIKAMPEK BLOK C1 NO 5A, CIKAMPEK - JAWA BARAT', '-6.1864864', '106.83409110000002', '12', 1, '2019-03-21 04:22:43', 0, '2019-03-21 08:22:43', '0'),
(266, 282, 'Kota Deltamas - Commercial Lot, The Avenue No.5, Cikarang Pusat, Sukamahi, Cikarang Pusat, Bekasi, Jawa Barat 17530', '-6.1864864', '106.83409110000002', '12', 1, '2019-03-21 04:24:36', 0, '2019-03-21 08:24:36', '0'),
(267, 283, 'Kota Deltamas - Commercial Lot, The Avenue No.5, Cikarang Pusat, Sukamahi, Cikarang Pusat, Bekasi, Jawa Barat 17530', '-6.1864864', '106.83409110000002', '12', 1, '2019-03-21 04:24:57', 0, '2019-03-21 08:24:57', '0'),
(268, 284, 'Kota Deltamas - Commercial Lot, The Avenue No.5, Cikarang Pusat, Sukamahi, Cikarang Pusat, Bekasi, Jawa Barat 17530', '-6.1864864', '106.83409110000002', '12', 1, '2019-03-21 04:25:13', 0, '2019-03-21 08:25:13', '0'),
(269, 285, 'Kota Deltamas - Commercial Lot, The Avenue No.5, Cikarang Pusat, Sukamahi, Cikarang Pusat, Bekasi, Jawa Barat 17530', '-6.1864864', '106.83409110000002', '12', 1, '2019-03-21 04:25:30', 0, '2019-03-21 08:25:30', '0'),
(270, 286, 'Kota Deltamas - Commercial Lot, The Avenue No.5, Cikarang Pusat, Sukamahi, Cikarang Pusat, Bekasi, Jawa Barat 17530', '-6.1864864', '106.83409110000002', '12', 1, '2019-03-21 04:25:49', 0, '2019-03-21 08:25:49', '0'),
(271, 287, 'Jl.KiHajar Dewantara No.6 Bekasi', '-6.1864864', '106.83409110000002', '12', 1, '2019-03-21 04:26:06', 0, '2019-03-21 08:26:06', '0'),
(272, 288, 'RUKO PECENONGAN SQUARE BLOK A JL KASUARI RAYA - KAWASAN INDUSTRI JABABEKA 2, Mekarmukti, Cikarang Utara, Bekasi, Jawa Barat 17530', '-6.1864864', '106.83409110000002', '12', 1, '2019-03-21 04:26:22', 0, '2019-03-21 08:26:22', '0'),
(273, 289, 'Ruko Metro Boulevard, JL. Niaga Raya Jababeka II, Blok A 1-2, Cikarang, Pasirsari, Cikarang Sel., Bekasi, Jawa Barat 17530', '-6.1864864', '106.83409110000002', '12', 1, '2019-03-21 04:26:43', 0, '2019-03-21 08:26:43', '0'),
(274, 290, 'Jl. Kramat Raya No.148 A-B, RT.005 RW001/RW.1, Kenari, Senen, Central Jakarta City, Jakarta 10430', '-6.1864864', '106.83409110000002', '12', 1, '2019-03-21 04:27:02', 0, '2019-03-21 08:27:02', '0'),
(275, 291, 'Jl. Industri Utama Blok SS 6 No. 1-3, Jababeka II, Mekarmukti, Cikarang Utara, Mekarmukti, Cikarang Utara, Bekasi, Jawa Barat 17530', '-6.1864864', '106.83409110000002', '12', 1, '2019-03-21 04:27:25', 0, '2019-03-21 08:27:25', '0'),
(276, 292, 'Jalan Sulawesi Blok I No. 1-2, MM2100 Industrial Town, Gandamekar, Cibitung, Bekasi, Jawa Barat 17530', '-6.1864864', '106.83409110000002', '12', 1, '2019-03-21 04:30:28', 0, '2019-03-21 08:30:28', '0'),
(277, 293, 'JL. NIAGA RAYA, CAPITOL BUSINESS DISTRICT, KOTA JABABEKA, CIKARANG - BEKASI 17550', '-6.1864864', '106.83409110000002', '12', 1, '2019-03-21 04:30:45', 0, '2019-03-21 08:30:45', '0'),
(278, 294, 'Jl. Niaga Raya Kavling AA-2, Jababeka II, Pasirsari, Cikarang Selatan, Pasirsari, Cikarang Sel., Cikarang, Jawa Barat 17530', '-6.1864864', '106.83409110000002', '12', 1, '2019-03-21 04:31:34', 0, '2019-03-21 08:31:34', '0'),
(279, 265, 'Jl. Jababeka XIIB Blok W No.39, Harja Mekar, Cikarang Utara, Bekasi, Jawa Barat 17530', '-6.1864864', '106.83409110000002', '12', 1, '2019-03-21 04:34:31', 0, '2019-03-21 08:36:25', '1'),
(280, 295, 'Ruko Capitol Business Park No. 1 D. Jl. Niaga Raya, Cikarang Baru - Bekasi, Mekarmukti, North Cikarang, Kab. Bekasi, West Java 17530', '-6.1864864', '106.83409110000002', '12', 1, '2019-03-21 04:37:23', 0, '2019-03-21 08:37:23', '0'),
(281, 296, 'JL. Jababeka, V Blok H2 No. 5, Kawasan Industri Cikarang, Pasirgombong, Cikarang Utara, Bekasi, Jawa Barat 17530', '-6.1864864', '106.83409110000002', '12', 1, '2019-03-21 04:38:04', 0, '2019-03-21 08:38:04', '0'),
(282, 297, 'Jl. Cibarusah, Sukaresmi, Cikarang Sel., Bekasi, Jawa Barat 17530', '-6.1864864', '106.83409110000002', '12', 1, '2019-03-21 04:38:31', 0, '2019-03-21 08:38:31', '0'),
(283, 298, 'JL. JABABEKA RAYA KAV - A2, JABABEKA I PASIR GOMBONG, CIKARANG UTARA KAB. BEKASI JAWA BARAT 17530', '-6.1864864', '106.83409110000002', '12', 1, '2019-03-21 04:38:58', 0, '2019-03-21 08:38:58', '0'),
(284, 299, 'Kawasan indrustri Jababeka 1, Jl. Jababeka Raya No.Kav A-2, Pasirsari, Cikarang Sel., Bekasi, Jawa Barat 17530', '-6.1864864', '106.83409110000002', '12', 1, '2019-03-21 04:42:48', 0, '2019-03-21 08:42:48', '0'),
(285, 300, 'KAWASAN EJIP BLOK 3-B NO. 1 JL. RAYA ANGSANA LEMAHABANG, SUKARESMI, CIKARANG SELATAN BEKASI JAWA BARAT 17550', '-6.1864864', '106.83409110000002', '12', 1, '2019-03-21 04:43:09', 0, '2019-03-21 08:43:09', '0'),
(286, 302, 'JL. A YANI NO. 76 RT. 001 RW. 002, DAWUAN TIMUR, CIKAMPEK, KAB. KARAWANG', '-6.1864864', '106.83409110000002', '12', 1, '2019-03-21 10:27:08', 0, '2019-03-21 14:27:08', '0'),
(287, 303, 'JL. INDUSTRI SELATAN V BLOK PP/7 KAWASAN INDUSTRI, JABABEKA II - CIKARANG', '-6.1864864', '106.83409110000002', '12', 1, '2019-03-21 10:27:29', 0, '2019-03-21 14:27:29', '0'),
(288, 304, 'JL. INDUSTRI SELATAN V BLOK PP/7 KAWASAN INDUSTRI, JABABEKA II - CIKARANG', '-6.1864864', '106.83409110000002', '12', 1, '2019-03-21 10:27:48', 0, '2019-03-21 14:27:48', '0'),
(289, 305, 'JL. INDUSTRI SELATAN V BLOK PP/7 KAWASAN INDUSTRI, JABABEKA II - CIKARANG', '-6.1864864', '106.83409110000002', '12', 1, '2019-03-21 10:28:04', 0, '2019-03-21 14:28:04', '0'),
(290, 306, 'Jl. Raya Dipenogoro KM.38 No.107, Setiamekar, Tambun Selatan, Jatimulya, Tambun Sel., Bekasi, Jawa Barat 17510', '-6.1864864', '106.83409110000002', '12', 1, '2019-03-21 10:28:30', 0, '2019-03-21 14:28:30', '0'),
(291, 307, 'BALAI KIIC, JL.PERMATA RAYA,KIIC, SUKALUYU - TELUK JAMBE TIMUR KARAWANG', '-6.1864864', '106.83409110000002', '12', 1, '2019-03-21 10:33:00', 0, '2019-03-21 14:33:00', '0'),
(292, 212, 'JL. IMAM BONJOL KM. 44 DS. TELAGA ASIH, KEC. CIKARANG BARAT, BEKASI', '-6.1864864', '106.83409110000002', '13', 1, '2019-03-25 00:26:35', 0, '2019-03-25 04:26:35', '0');

-- --------------------------------------------------------

--
-- Struktur dari tabel `customer_master`
--

CREATE TABLE IF NOT EXISTS `customer_master` (
  `customer_id` int(11) NOT NULL AUTO_INCREMENT,
  `customer_name` varchar(200) NOT NULL,
  `customer_npwp` varchar(200) NOT NULL,
  `customer_email` varchar(100) NOT NULL,
  `customer_phone` varchar(100) NOT NULL,
  `customer_pic` varchar(100) NOT NULL,
  `created_date` datetime NOT NULL,
  `created_by` int(11) NOT NULL,
  `update_date` timestamp NOT NULL DEFAULT CURRENT_TIMESTAMP ON UPDATE CURRENT_TIMESTAMP,
  `update_by` int(11) NOT NULL,
  `deleted` enum('0','1') NOT NULL,
  PRIMARY KEY (`customer_id`)
) ENGINE=InnoDB  DEFAULT CHARSET=latin1 AUTO_INCREMENT=308 ;

--
-- Dumping data untuk tabel `customer_master`
--

INSERT INTO `customer_master` (`customer_id`, `customer_name`, `customer_npwp`, `customer_email`, `customer_phone`, `customer_pic`, `created_date`, `created_by`, `update_date`, `update_by`, `deleted`) VALUES
(1, 'PT.ABC INDONESIA', '123456789', 'Jhon@example.com', '219988776655', 'Jhon', '0000-00-00 00:00:00', 0, '2019-03-11 05:12:39', 0, '1'),
(2, 'PT.ABC INDONESIA', '123456789', 'Jhon@example.com', '219988776655', 'Jhon', '0000-00-00 00:00:00', 0, '2019-03-11 05:12:41', 0, '1'),
(3, 'PT. TMMIN KARAWANG PLANT 1', '01.000.099.0-092.000', 'contoh@gmail.com', '217811270', 'Jhon', '0000-00-00 00:00:00', 0, '2019-03-19 06:24:45', 0, '1'),
(4, 'PT. TMMIN KARAWANG PLANT 1', '01.000.099.0-092.000', 'contoh@gmail.com', '217811270', 'Jhon', '0000-00-00 00:00:00', 0, '2019-03-19 06:44:59', 0, '1'),
(5, 'PT.ABC INDONESIA', '123456789', 'Jhon@example.com', '219988776655', 'Jhon', '0000-00-00 00:00:00', 0, '2019-03-19 06:30:41', 0, '1'),
(6, 'PT.ABC INDONESIA', '123456789', 'Jhon@example.com', '219988776655', 'Jhon', '0000-00-00 00:00:00', 0, '2019-03-19 06:44:01', 0, '1'),
(7, 'PT.ABC INDONESIA', '123456789', 'Jhon@example.com', '219988776655', 'Jhon', '0000-00-00 00:00:00', 0, '2019-03-19 06:43:59', 0, '1'),
(8, 'PT.ABC INDONESIA 2', '1111', 'Jhon@example.com', '219988776655', 'Jhony', '0000-00-00 00:00:00', 0, '2019-03-19 06:43:56', 0, '1'),
(9, 'Corleb', '1111', 'Jhon@example.com', '219988776655', 'Jhony', '0000-00-00 00:00:00', 0, '2019-03-19 06:43:53', 0, '1'),
(10, 'Codelabs', '1111', 'Jhon@example.com', '219988776655', 'Jhony', '0000-00-00 00:00:00', 0, '2019-03-19 06:43:50', 0, '1'),
(11, 'PT. TMMIN KARAWANG PLANT 1', '01.000.099.0-092.000', 'contoh@gmail.com', '217811270', 'Jhon', '0000-00-00 00:00:00', 0, '2019-03-19 06:45:11', 0, '0'),
(12, 'PT. TMMIN KARAWANG PLANT 2', '01.000.099.0-092.000', 'contoh@gmail.com', '217811270', 'Jhon', '0000-00-00 00:00:00', 0, '2019-03-19 06:45:11', 0, '0'),
(13, 'JCO KM.39', '02.399.392.6-408.001', 'contoh@gmail.com', '210000000', 'Jhon', '0000-00-00 00:00:00', 0, '2019-03-19 06:45:11', 0, '0'),
(14, 'PT ASTRA DAIHATSU MOTOR - CASTING PLANT ', '01.000.571.8-092.000', 'contoh@gmail.com', '210000000', 'Jhon', '0000-00-00 00:00:00', 0, '2019-03-19 06:45:11', 0, '0'),
(15, 'PT MAHATI KARAWANG FOR SENTRA KIIC ', '31.576.478.7-408.000', 'contoh@gmail.com', '8888024436', 'Ibu Bagja', '0000-00-00 00:00:00', 0, '2019-03-19 06:45:11', 0, '0'),
(16, 'PT. MALIGI PERMATA INDUSTRIAL ESTATE ', '01.343.159.8-059.000', 'contoh@gmail.com', '0218901 666', 'Jhon', '0000-00-00 00:00:00', 0, '2019-03-19 08:00:09', 1, '0'),
(17, 'SAMBEL HEJO SAMBEL DADAK', '09.302.127.7-409.000', 'muslihdjakarya@gmail.com', '2678401275', 'Bapak Muslih', '0000-00-00 00:00:00', 0, '2019-03-19 06:45:11', 0, '0'),
(18, 'JCO RESINDA MALL', '02.399.392.6-408.001', 'contoh@gmail.com', '2678605000', 'Jhon', '0000-00-00 00:00:00', 0, '2019-03-19 06:45:11', 0, '0'),
(19, 'BREAD TALK RESINDA MALL', '02.248.386.1-039.000', 'contoh@gmail.com', '2678605000', 'Jhon', '0000-00-00 00:00:00', 0, '2019-03-19 06:45:11', 0, '0'),
(20, 'CAREFOUR RESINDA KARAWANG', '00.000.000.0-000.000', 'contoh@gmail.com', '210000000', 'Jhon', '0000-00-00 00:00:00', 0, '2019-03-19 06:45:11', 0, '0'),
(21, 'BNI GRAND TARUMA', '01.785.256.7-093.000', 'contoh@gmail.com', '2153667676', 'Jhon', '0000-00-00 00:00:00', 0, '2019-03-19 06:45:11', 0, '0'),
(22, 'RMH BP REVAN', '00.000.000.0-000.000', 'contoh@gmail.com', '210000000', 'Jhon', '0000-00-00 00:00:00', 0, '2019-03-19 06:45:11', 0, '0'),
(23, 'RS MANDAYA', '02.312.010.8-408.000', 'contoh@gmail.com', '210000000', 'Jhon', '0000-00-00 00:00:00', 0, '2019-03-19 06:45:11', 0, '0'),
(24, 'PT. SUPRA PRIMATAMA NUSANTARA FOR BIZNET CABANG KERAWANG', '01.967.024.9-073.000', 'contoh@gmail.com', '85220206599', 'Bapak Ahmad Purba', '0000-00-00 00:00:00', 0, '2019-03-19 06:45:11', 0, '0'),
(25, 'ACC KARAWANG ', '01.317.738.1-091.000', 'contoh@gmail.com', '02678640203', 'Jhon', '0000-00-00 00:00:00', 0, '2019-03-19 06:45:11', 0, '0'),
(26, 'BREAD TALK KARAWANG CENTRAL PLAZA', '02.248.386.1-039.000', 'contoh@gmail.com', '2678605000', 'Jhon', '0000-00-00 00:00:00', 0, '2019-03-19 06:45:11', 0, '0'),
(27, 'JCO CENTRAL PLAZA KERAWANG', '02.399.392.6-408.001', 'contoh@gmail.com', '2678605000', 'Jhon', '0000-00-00 00:00:00', 0, '2019-03-19 06:45:11', 0, '0'),
(28, 'RMH IBU FITRI', '00.000.000.0-000.000', 'contoh@gmail.com', '210000000', 'Jhon', '0000-00-00 00:00:00', 0, '2019-03-19 06:45:11', 0, '0'),
(29, 'GRAPARI KERAWANG (TECHNO GALUH MAS)', '01.718.327.8-091.000', 'contoh@gmail.com', '0807 1 811 811', 'Jhon', '0000-00-00 00:00:00', 0, '2019-03-19 06:45:11', 0, '0'),
(30, 'KLINIK ASLEY', '79.372.800.7-036.000', 'contoh@gmail.com', '81519604038', 'Jhon', '0000-00-00 00:00:00', 0, '2019-03-19 06:45:11', 0, '0'),
(31, 'RMH IBU NURLELI', '00.000.000.0-000.000', 'contoh@gmail.com', '210000000', 'Jhon', '0000-00-00 00:00:00', 0, '2019-03-19 06:45:11', 0, '0'),
(32, 'MERCURE HOTEL', '31.434.435.9-408.001', 'contoh@gmail.com', '2678638888', 'Jhon', '0000-00-00 00:00:00', 0, '2019-03-19 06:45:11', 0, '0'),
(33, 'DELONIX HOTEL', '02.005.434.2-059.000', 'contoh@gmail.com', '267644370', 'Jhon', '0000-00-00 00:00:00', 0, '2019-03-19 06:45:11', 0, '0'),
(34, 'JCO CIKARANG', '02.399.392.6-413.001', 'contoh@gmail.com', '2678605000', 'Jhon', '0000-00-00 00:00:00', 0, '2019-03-19 06:45:11', 0, '0'),
(35, 'BREAD TALK LIPPO CIKARANG', '02.248.386.1-039.000', 'contoh@gmail.com', '2678605000', 'Jhon', '0000-00-00 00:00:00', 0, '2019-03-19 06:45:11', 0, '0'),
(36, 'J''CO CIKARANG (LIPPO)', '02.248.386.1-039.000', 'contoh@gmail.com', '2678605000', 'Jhon', '0000-00-00 00:00:00', 0, '2019-03-19 06:45:11', 0, '0'),
(37, 'D''KHAYANGAN ', '00.000.000.0-000.000', 'contoh@gmail.com', '210000000', 'Jhon', '0000-00-00 00:00:00', 0, '2019-03-19 06:45:11', 0, '0'),
(38, 'RS BUDI ASIH', '03.351.404.3-413.000', 'contoh@gmail.com', '81310382326', 'Jhon', '0000-00-00 00:00:00', 0, '2019-03-19 06:45:11', 0, '0'),
(39, 'BEA CUKAI CIKARANG', '21.007.965.3-029.000', 'contoh@gmail.com', '2189982664', 'Jhon', '0000-00-00 00:00:00', 0, '2019-03-19 06:45:11', 0, '0'),
(40, 'TRIVIUM TERRACE APARTEMENT ', '72.773.486.5-413.000', 'contoh@gmail.com', '08561601002', 'Jhon', '0000-00-00 00:00:00', 0, '2019-03-19 06:45:11', 0, '0'),
(41, 'PT OMRON MANUFACTURING INDONESIA', '01.081.583.5-431.000', 'contoh@gmail.com', '218970111', 'Jhon', '0000-00-00 00:00:00', 0, '2019-03-19 06:45:11', 0, '0'),
(42, 'PT. ASTOM INDONESIA', '01.071.222.2-055.000', 'contoh@gmail.com', '218970404', 'Jhon', '0000-00-00 00:00:00', 0, '2019-03-19 06:45:11', 0, '0'),
(43, 'EPSON INDUSTRY', '01.084.730.9-092.000', 'contoh@gmail.com', '0218970101', 'Jhon', '0000-00-00 00:00:00', 0, '2019-03-19 06:45:11', 0, '0'),
(44, 'PRESISI SUKSES MANDIRI', '31.218.964.0-413.000', 'contoh@gmail.com', '210000000', 'Jhon', '0000-00-00 00:00:00', 0, '2019-03-19 06:45:11', 0, '0'),
(45, 'CAHAYA SUKSES MANDIRI', '02.016.648.4-431.000', 'contoh@gmail.com', '0218936341', 'Jhon', '0000-00-00 00:00:00', 0, '2019-03-19 06:45:11', 0, '0'),
(46, 'PT ELLEAIR ', '71.558.837.2-413.000', 'contoh@gmail.com', '02122104888', 'Jhon', '0000-00-00 00:00:00', 0, '2019-03-19 06:45:11', 0, '0'),
(47, 'PT TAIYO MARSOL INDONESIA', '01.824.269.3-413.001', 'contoh@gmail.com', '0218971560', 'Jhon', '0000-00-00 00:00:00', 0, '2019-03-19 06:45:11', 0, '0'),
(48, 'PT VIRTUS FOR PT SANTOS JAYA ABADI', '74.505.881.8-017.000', 'sukir@virtusway.co.id', '81317365423', 'Bapak Sukir', '0000-00-00 00:00:00', 0, '2019-03-19 06:45:11', 0, '0'),
(49, 'MARKETING GALLERY KIM', '01.513.085.9-408.000', 'aryaadm1@gmail.com', '210000000', 'Bapak Aria', '0000-00-00 00:00:00', 0, '2019-03-19 06:45:11', 0, '0'),
(50, 'BNI KK KISC SURYA CIPTA', '01.785.256.7-093.000', 'contoh@gmail.com', '2157899999', 'Jhon', '0000-00-00 00:00:00', 0, '2019-03-19 06:45:11', 0, '0'),
(51, 'MANDIRI SURYA CIPTA ', '00.000.000.0-000.000', 'contoh@gmail.com', '210000000', 'Jhon', '0000-00-00 00:00:00', 0, '2019-03-20 07:24:48', 1, '0'),
(52, 'DAPOER KIM', '01.348.588.3-433.001', 'contoh@gmail.com', '8128233232', 'IBU ANGELA', '0000-00-00 00:00:00', 0, '2019-03-19 06:45:11', 0, '0'),
(53, 'OCBC NISP MITRA KARAWANG ', '01.788.254.9-062.000', 'contoh@gmail.com', '83877891114', 'Bp.Sanusi', '0000-00-00 00:00:00', 0, '2019-03-19 06:45:11', 0, '0'),
(54, 'BECKAERT INDONESIA', '00.000.000.0-000.000', 'contoh@gmail.com', '267440288', 'Jhon', '0000-00-00 00:00:00', 0, '2019-03-19 06:45:11', 0, '0'),
(55, 'BECKAERT WIRE INDONESIA', '00.000.000.0-000.000', 'contoh@gmail.com', '267440288', 'Jhon', '0000-00-00 00:00:00', 0, '2019-03-19 06:45:11', 0, '0'),
(56, 'OCBC NISP LIPPO CIKARANG ', '01.788.254.9-062.000', 'contoh@gmail.com', '83877891114', 'Bp.Sanusi', '0000-00-00 00:00:00', 0, '2019-03-19 06:45:11', 0, '0'),
(57, 'REST SANGKURING ', '00.000.000.0-000.000', 'contoh@gmail.com', '02189911369', 'Jhon', '0000-00-00 00:00:00', 0, '2019-03-19 06:45:11', 0, '0'),
(58, 'MEGUMI DRIVING RACE ', '31.597.902.1-413.000', 'contoh@gmail.com', '2189911338', 'Jhon', '0000-00-00 00:00:00', 0, '2019-03-19 06:45:11', 0, '0'),
(59, 'JASA MARGA CIKAMPEK ', '01.001.675.6-093.000', 'contoh@gmail.com', '021821 6515', 'Jhon', '0000-00-00 00:00:00', 0, '2019-03-19 06:45:11', 0, '0'),
(60, 'PT. SUPERNOVA FLEXIBLE PACKAGING', '01.781.533.3-046.000', 'contoh@gmail.com', '021893 6665 ', 'Jhon', '0000-00-00 00:00:00', 0, '2019-03-19 06:45:11', 0, '0'),
(61, 'RADJA REPLEXY ', '00.000.000.0-000.000', 'contoh@gmail.com', '02182615806', 'Jhon', '0000-00-00 00:00:00', 0, '2019-03-19 06:45:11', 0, '0'),
(62, 'PT. EXEDY INDONESIA', '01.061.542.5-055.000', 'heni@exedy.co.id', '02189114 666', 'Ibu Heny', '0000-00-00 00:00:00', 0, '2019-03-19 06:45:11', 0, '0'),
(63, 'TREE PARK BUKIT GOLF KARAWANG', '31.583.776.5-408.001', 'contoh@gmail.com', '2153665966', 'Jhon', '0000-00-00 00:00:00', 0, '2019-03-19 06:45:11', 0, '0'),
(64, 'PT.ASAHI FORGE INDONESIA', '31.551.409.1-431.000', 'contoh@gmail.com', '210000000', 'Jhon', '0000-00-00 00:00:00', 0, '2019-03-19 06:45:11', 0, '0'),
(65, 'BNI KK KIIC', '01.001.606.1-051.009', 'contoh@gmail.com', '02678643511', 'Jhon', '0000-00-00 00:00:00', 0, '2019-03-19 06:45:11', 0, '0'),
(66, 'PT. ISK INDONESIA', '02.311.803.7-431.000', 'contoh@gmail.com', '2189115030', 'Jhon', '0000-00-00 00:00:00', 0, '2019-03-19 06:45:11', 0, '0'),
(67, 'BII MAYBANK KCP KIIC ', '01.309.323.2-091.000', 'contoh@gmail.com', '210000000', 'Jhon', '0000-00-00 00:00:00', 0, '2019-03-19 06:45:11', 0, '0'),
(68, 'INUL VIZTA KERAWANG', '76.690.242.3-408.000', 'contoh@gmail.com', '214587246', 'Bapak Habibi', '0000-00-00 00:00:00', 0, '2019-03-19 06:45:11', 0, '0'),
(69, 'BPJS KARAWANG', '01.061.016.0-408.001', 'contoh@gmail.com', '26702573', 'Jhon', '0000-00-00 00:00:00', 0, '2019-03-19 06:45:11', 0, '0'),
(70, 'BII MAYBANK KCP KARAWANG ', '01.309.323.2-091.000', 'contoh@gmail.com', '210000000', 'Jhon', '0000-00-00 00:00:00', 0, '2019-03-19 06:45:11', 0, '0'),
(71, 'CARREFOUR KARAWANG', '01.711.062.8-092.000', 'contoh@gmail.com', '02678452878', 'Jhon', '0000-00-00 00:00:00', 0, '2019-03-19 06:45:11', 0, '0'),
(72, 'BANK BJB KARAWANG', '01.118.605.3-054.000', 'contoh@gmail.com', '267403070', 'Jhon', '0000-00-00 00:00:00', 0, '2019-03-19 06:45:11', 0, '0'),
(73, 'BNI KLN SUROTO KUNTO', '01.001.606.1-051.009', 'contoh@gmail.com', '02678643511', 'Jhon', '0000-00-00 00:00:00', 0, '2019-03-19 06:45:11', 0, '0'),
(74, 'RICHEESE KARAWANG', '31.477.767.3-422.000', 'contoh@gmail.com', '210000000', 'Jhon', '0000-00-00 00:00:00', 0, '2019-03-19 06:45:11', 0, '0'),
(75, 'RS DELIMA KARAWANG', '02.018.642.5-408.000', 'contoh@gmail.com', '210000000', 'Jhon', '0000-00-00 00:00:00', 0, '2019-03-19 06:45:11', 0, '0'),
(76, 'BHINEKA SHUTTLE', '31.433.063.0-429.000', 'contoh@gmail.com', '08041401201', 'Jhon', '0000-00-00 00:00:00', 0, '2019-03-19 06:45:11', 0, '0'),
(77, 'HOTEL VOXSTAY', '71.183.500.9-019.000', 'darmawiharto@gmail.com', '82125639495', 'Bapak Darma', '0000-00-00 00:00:00', 0, '2019-03-19 06:45:11', 0, '0'),
(78, 'OCBC NISP TUPAREV ', '01.788.254.9-062.000', 'contoh@gmail.com', '83877891114', 'Bp.Sanusi', '0000-00-00 00:00:00', 0, '2019-03-19 06:45:11', 0, '0'),
(79, 'BII MAYBANK KCP TUPAREV ', '01.309.323.2-091.000', 'contoh@gmail.com', '210000000', 'Jhon', '0000-00-00 00:00:00', 0, '2019-03-19 06:45:11', 0, '0'),
(80, 'RS DEWI SRI KARAWANG', '02.165.649.1-431.000', 'rsdewisri@gmail.com', '267402855', 'Bapak Omang', '0000-00-00 00:00:00', 0, '2019-03-19 06:45:11', 0, '0'),
(81, 'BNI KCU KARAWANG', '01.001.606.1-051.009', 'contoh@gmail.com', '2157899999', 'Jhon', '0000-00-00 00:00:00', 0, '2019-03-19 06:45:11', 0, '0'),
(82, 'YAYASAN ALBINAA', '00.471.373.1-414.000', 'contoh@gmail.com', '08119215720', 'BP ASEP', '0000-00-00 00:00:00', 0, '2019-03-19 06:45:11', 0, '0'),
(83, 'PT. DANA PURNA INVESTAMA FOR BCA KCU CIKARANG', '02.663.229.9-038.000', 'contoh@gmail.com', '0813 0249 240', 'Bp.Dosroha', '0000-00-00 00:00:00', 0, '2019-03-19 06:45:11', 0, '0'),
(84, 'CIKARANG GROOVE FITNESS ', '31.543.858.0-413.000', 'contoh@gmail.com', '2129617818', 'Jhon', '0000-00-00 00:00:00', 0, '2019-03-19 06:45:11', 0, '0'),
(85, 'GEDUNG CIKARANG GROOVE ', '31.543.858.0-413.000', 'contoh@gmail.com', '2129617818', 'Jhon', '0000-00-00 00:00:00', 0, '2019-03-19 06:45:11', 0, '0'),
(86, 'OLD TOWN ', '31.543.858.0-413.000', 'contoh@gmail.com', '2129617815', 'Jhon', '0000-00-00 00:00:00', 0, '2019-03-19 06:45:11', 0, '0'),
(87, 'HARPER HOTEL', '03.304.881.0-413.001', 'contoh@gmail.com', '81350299922', 'Jhon', '0000-00-00 00:00:00', 0, '2019-03-19 06:45:11', 0, '0'),
(88, 'OCBC NISP DELTA MAS ', '01.788.254.9-062.000', 'contoh@gmail.com', '83877891114', 'Bp.Sanusi', '0000-00-00 00:00:00', 0, '2019-03-19 06:45:11', 0, '0'),
(89, 'BII MAYBANK KCP DELTA MAS ', '01.309.323.2-091.000', 'contoh@gmail.com', '210000000', 'Jhon', '0000-00-00 00:00:00', 0, '2019-03-19 06:45:11', 0, '0'),
(90, 'PT. MALIGI PERMATA INDUSTRIAL ESTATE', '01.343.159.8-059.000', 'contoh@gmail.com', '218901666', 'Jhon', '0000-00-00 00:00:00', 0, '2019-03-19 06:45:11', 0, '0'),
(91, 'PT. KERAWANG SPORTS CENTRE INDONESIA', '01.069.364.6-431.000', 'contoh@gmail.com', '0267405123', 'Jhon', '0000-00-00 00:00:00', 0, '2019-03-19 06:45:11', 0, '0'),
(92, 'PT. KERAWANG SPORTS CENTRE INDONESIA FOR LOTUS LAKES', '01.069.364.6-431.000', 'contoh@gmail.com', '0267405123', 'Jhon', '0000-00-00 00:00:00', 0, '2019-03-19 06:45:11', 0, '0'),
(93, 'IFF KARAWANG ', '31.549.876.6-416.000', 'contoh@gmail.com', '213339987', 'Jhon', '0000-00-00 00:00:00', 0, '2019-03-19 06:45:11', 0, '0'),
(94, 'MAHATI FOR BA''I COFFEE', '31.576.478.7-408.000', 'contoh@gmail.com', '08888024436', 'Ibu Bagja', '0000-00-00 00:00:00', 0, '2019-03-19 06:45:11', 0, '0'),
(95, 'PT KAO KARAWANG ', '01.788.254.9-062.000', 'contoh@gmail.com', '02678637482', 'Jhon', '0000-00-00 00:00:00', 0, '2019-03-19 06:45:11', 0, '0'),
(96, 'MITRA FAMILY for RUMAH SAKIT IBU & ANAK', '21.146.444.1-408.000', 'contoh@gmail.com', '2678458327', 'Jhon', '0000-00-00 00:00:00', 0, '2019-03-19 06:45:11', 0, '0'),
(97, 'KARAOKE BLUE SKY', '31.454.328.1-408.000', 'contoh@gmail.com', '85710124088', 'Jhon', '0000-00-00 00:00:00', 0, '2019-03-19 06:45:11', 0, '0'),
(98, 'INUL FESTIVE WALK KARAWANG  ', '75.056.433.8-408.000', 'contoh@gmail.com', '2145857246', 'Bapak Habibi', '0000-00-00 00:00:00', 0, '2019-03-19 06:45:11', 0, '0'),
(99, 'PT VIZTA PRATAMA FOR INUL FESTIVE WALK KARAWANG', '75.056.433.8-408.000', 'contoh@gmail.com', '2145857246', 'Bapak Habibi', '0000-00-00 00:00:00', 0, '2019-03-19 06:45:11', 0, '0'),
(100, 'BNI GALUH MAS', '01.309.323.2-091.000', 'contoh@gmail.com', '210000000', 'Jhon', '0000-00-00 00:00:00', 0, '2019-03-19 06:45:11', 0, '0'),
(101, 'RAIN EXECUTIVE CLUB', '82.656.321.5-408.000', 'contoh@gmail.com', '02678408886', 'Jhon', '0000-00-00 00:00:00', 0, '2019-03-19 06:45:11', 0, '0'),
(102, 'MARKETING GALUH', '01.513.085.9-408.000', 'contoh@gmail.com', '02678407955', 'Jhon', '0000-00-00 00:00:00', 0, '2019-03-19 06:45:11', 0, '0'),
(103, 'PT JUNWOO SHINHWA MOLD ', '31.709.179.1-413.000', 'contoh@gmail.com', '2129628580', 'Jhon', '0000-00-00 00:00:00', 0, '2019-03-19 06:45:11', 0, '0'),
(104, 'CITRA INN', '00.000.000.0-000.000', 'contoh@gmail.com', '0218970669', 'Jhon', '0000-00-00 00:00:00', 0, '2019-03-19 06:45:11', 0, '0'),
(105, 'SUMMARECON MAL BEKASI', '02.675.682.5-407.000', 'contoh@gmail.com', '02129572888', 'Jhon', '0000-00-00 00:00:00', 0, '2019-03-19 06:45:11', 0, '0'),
(106, 'ZAP BEKASI', '31.307.489.0-013.000', 'contoh@gmail.com', '02129572888', 'Jhon', '0000-00-00 00:00:00', 0, '2019-03-19 06:45:11', 0, '0'),
(107, 'QIRSHA MUSHOLA SUMMARECON MAL BEKASI', '00.000.000.0-000.000', 'contoh@gmail.com', '210000000', 'Jhon', '0000-00-00 00:00:00', 0, '2019-03-19 06:45:11', 0, '0'),
(108, 'PT ASTRA DAIHATSU MOTOR - KAP ', '01.000.571.8-092.000', 'contoh@gmail.com', '2129576900', 'Jhon', '0000-00-00 00:00:00', 0, '2019-03-19 06:45:11', 0, '0'),
(109, 'BII MAYBANK KCP SURYA CIPTA ', '01.309.323.2-091.000', 'contoh@gmail.com', '2129228888', 'Jhon', '0000-00-00 00:00:00', 0, '2019-03-19 06:45:11', 0, '0'),
(110, 'BII MAYBANK KCP MITRA KARAWANG TIMUR ', '01.309.323.2-091.000', 'contoh@gmail.com', '2129228888', 'Jhon', '0000-00-00 00:00:00', 0, '2019-03-19 06:45:11', 0, '0'),
(111, 'MANDIRI SURYA CIPTA', '00.000.000.0-000.000', 'contoh@gmail.com', '210000000', 'Jhon', '0000-00-00 00:00:00', 0, '2019-03-19 06:45:11', 0, '0'),
(112, 'ROKI PLANT 2 SURYA CIPTA', '02.059.202.8-059.000', 'contoh@gmail.com', '089981631', 'Jhon', '0000-00-00 00:00:00', 0, '2019-03-19 06:45:11', 0, '0'),
(113, 'CARREFOUR KARAWANG (ekstra )', '01.711.062.8-092.000', 'contoh@gmail.com', '2678452878', 'Jhon', '0000-00-00 00:00:00', 0, '2019-03-19 06:45:11', 0, '0'),
(114, 'CAREFOUR KARAWANG ', '01.711.062.8-092.000', 'contoh@gmail.com', '210000000', 'Jhon', '0000-00-00 00:00:00', 0, '2019-03-21 05:16:23', 1, '0'),
(115, 'QNB KARAWANG', '00.000.000.0-000.000', 'contoh@gmail.com', '210000000', 'Jhon', '0000-00-00 00:00:00', 0, '2019-03-19 06:45:11', 0, '0'),
(116, 'BNI RENGAS DENGKLOK', '01.309.323.2-091.000', 'contoh@gmail.com', '0267483273', 'Jhon', '0000-00-00 00:00:00', 0, '2019-03-19 06:45:11', 0, '0'),
(117, 'ATALIAN FOR REST AREA KM 57', '00.000.000.0-000.000', 'contoh@gmail.com', '0211500000', 'Jhon', '0000-00-00 00:00:00', 0, '2019-03-19 06:45:11', 0, '0'),
(118, 'CFC RENGASDENGKLOK', '00.000.000.0-000.000', 'contoh@gmail.com', '08888416604', 'Jhon', '0000-00-00 00:00:00', 0, '2019-03-19 06:45:11', 0, '0'),
(119, 'NOVOTEL KARAWANG', '70.281.751.1-408.001', 'contoh@gmail.com', '2676483333', 'Jhon', '0000-00-00 00:00:00', 0, '2019-03-19 06:45:11', 0, '0'),
(120, 'CAF NYONYA MANIS', '77.203.000.3-413.000', 'contoh@gmail.com', '82297668487', 'Jhon', '0000-00-00 00:00:00', 0, '2019-03-19 06:45:11', 0, '0'),
(121, 'DPRD KAB BEKASI', '00.366.693.0-413.000', 'lilissuryaningsih01@gmail.com', '8159603808', 'Ibu Lilis', '0000-00-00 00:00:00', 0, '2019-03-19 06:45:11', 0, '0'),
(122, 'PT HITACHI AUTOMITIVE INDONESIA ', '71.286.005.5-413.000', 'contoh@gmail.com', '2122157100', 'Jhon', '0000-00-00 00:00:00', 0, '2019-03-19 06:45:11', 0, '0'),
(123, 'PT. MITSUBISHI ELECTRIC AUTOMOTIVE INDONESIA', '01.062.181.1-431.000', 'dede.irwan@mitsubishi-eai.co.id', '218974316', 'Bapak Dede', '0000-00-00 00:00:00', 0, '2019-03-19 06:45:11', 0, '0'),
(124, 'PT LG INNOTEK INDONESIA ', '01.869.344.0-055.000', 'contoh@gmail.com', '210000000', 'Jhon', '0000-00-00 00:00:00', 0, '2019-03-19 06:45:11', 0, '0'),
(125, 'PT CIKARANG LISTRINDO FOR MARKETING OFFICE ', '01.547.702.9-062.000', 'contoh@gmail.com', '218934108', 'Jhon', '0000-00-00 00:00:00', 0, '2019-03-19 06:45:11', 0, '0'),
(126, 'HOTEL LIPPO SAHID', '01.593.494.6-413.000', 'contoh@gmail.com', '218972352', 'Jhon', '0000-00-00 00:00:00', 0, '2019-03-19 06:45:11', 0, '0'),
(127, 'ZURI HOSPITALITY MANAGEMENT for ZURI EXPRESS', '02.744.051.0-413.000', 'contoh@gmail.com', '2129287368', 'Jhon', '0000-00-00 00:00:00', 0, '2019-03-19 06:45:11', 0, '0'),
(128, 'BEA CUKAI CIKARANG ( EXTRA )', '21.007.965.3-029.000', 'contoh@gmail.com', '2129082491', 'Jhon', '0000-00-00 00:00:00', 0, '2019-03-19 06:45:11', 0, '0'),
(129, 'PT. MULIA INDUSTRINDO TBK For Area Klinik Admin', '01.332.773.9-054.000', 'contoh@gmail.com', '0218935728', 'Jhon', '0000-00-00 00:00:00', 0, '2019-03-19 06:45:11', 0, '0'),
(130, 'OCBC NISP MULIA CIKARANG ', '01.788.254.9-062.000', 'contoh@gmail.com', '83877891114', 'Bp.Sanusi', '0000-00-00 00:00:00', 0, '2019-03-19 06:45:11', 0, '0'),
(131, 'THE CELECTON HOTEL', '66.718.230.7-414.000', 'contoh@gmail.com', '2189321299', 'Jhon', '0000-00-00 00:00:00', 0, '2019-03-19 06:45:11', 0, '0'),
(132, 'HOTEL CITI SMART', '02.400.123.2-413.001', 'contoh@gmail.com', '02122180077', 'Jhon', '0000-00-00 00:00:00', 0, '2019-03-19 06:45:11', 0, '0'),
(133, 'BLUE CELECTON', '73.742.187.5-413.000', 'contoh@gmail.com', '85890337151', 'IBU DEVI', '0000-00-00 00:00:00', 0, '2019-03-19 06:45:11', 0, '0'),
(134, 'JCO BLUE PLAZA', '02.399.392.6-407.002', 'contoh@gmail.com', '2188123555', 'Jhon', '0000-00-00 00:00:00', 0, '2019-03-19 06:45:11', 0, '0'),
(135, 'BREAD TALK BLUE PLAZA', '02.248.386.1-039.000', 'contoh@gmail.com', '02129085660', 'Jhon', '0000-00-00 00:00:00', 0, '2019-03-19 06:45:11', 0, '0'),
(136, 'JCO BEKASI SQUARE', '02.399.392.6-407.002', 'contoh@gmail.com', '2182434825', 'Jhon', '0000-00-00 00:00:00', 0, '2019-03-19 06:45:11', 0, '0'),
(137, 'BREAD TALK BEKASI SQUARE', '02.248.386.1-039.000', 'contoh@gmail.com', '2182434816', 'Jhon', '0000-00-00 00:00:00', 0, '2019-03-19 06:45:11', 0, '0'),
(138, 'CARREFOUR BLU MALL EXTRA ', '01.711.062.8-092.000', 'contoh@gmail.com', '082208255121', 'Jhon', '0000-00-00 00:00:00', 0, '2019-03-19 06:45:11', 0, '0'),
(139, 'CV WIJAYANTARA FOR GED SERBAGUNA AL MUHAJIRIN ', '00.000.000.0-000.000', 'contoh@gmail.com', '89651552290', 'Pak Ivan', '0000-00-00 00:00:00', 0, '2019-03-19 06:45:11', 0, '0'),
(140, 'D''COST BTC  ', '31.249.378.6-407.001', 'contoh@gmail.com', '2129566187', 'Jhon', '0000-00-00 00:00:00', 0, '2019-03-19 06:45:11', 0, '0'),
(141, 'D''COST MEGA MALL BEKASI ', '31.249.378.6-432.003', 'contoh@gmail.com', '218869350', 'Jhon', '0000-00-00 00:00:00', 0, '2019-03-19 06:45:11', 0, '0'),
(142, 'JCO MEGA MALL BEKASI', '02.399.392.6-432.001', 'contoh@gmail.com', '210000000', 'Jhon', '0000-00-00 00:00:00', 0, '2019-03-19 06:45:11', 0, '0'),
(143, 'RICHEESE MEGAMALL BEKASI', '31.477.767.3-422.000', 'contoh@gmail.com', '1500220', 'Jhon', '0000-00-00 00:00:00', 0, '2019-03-19 06:45:11', 0, '0'),
(144, 'BCA KCP REVO TOWN SQUARE', '01.308.449.6-091.000', 'contoh@gmail.com', '02129085712', 'Jhon', '0000-00-00 00:00:00', 0, '2019-03-19 06:45:11', 0, '0'),
(145, 'PIZZA HUT SMB', ' 01.323.964.5-091.00', 'contoh@gmail.com', '08113249363', 'Jhon', '0000-00-00 00:00:00', 0, '2019-03-19 06:45:11', 0, '0'),
(146, 'BREADTALK SMB', '02.248.386.1-039.000', 'contoh@gmail.com', '217996060', 'Jhon', '0000-00-00 00:00:00', 0, '2019-03-19 06:45:11', 0, '0'),
(147, 'JCO RUKO SUMMARECON BEKASI', '02.399.392.6-432.001', 'contoh@gmail.com', '81286077201', 'Jhon', '0000-00-00 00:00:00', 0, '2019-03-19 06:45:11', 0, '0'),
(148, 'BREADTALK RUKO SUMMARECON BEKASI', '02.248.386.1-039.000', 'contoh@gmail.com', '217996060', 'Jhon', '0000-00-00 00:00:00', 0, '2019-03-19 06:45:11', 0, '0'),
(149, 'ROPPAN RUKO SMB', '31.213.577.5-063.001', 'contoh@gmail.com', '1500220', 'Jhon', '0000-00-00 00:00:00', 0, '2019-03-19 06:45:11', 0, '0'),
(150, 'RICHEESE SMB', '31.477.767.3-422.000', 'contoh@gmail.com', '1500220', 'Jhon', '0000-00-00 00:00:00', 0, '2019-03-19 06:45:11', 0, '0'),
(151, 'RUMAH IBU ANNA (KOTA LEGENDA - BEKASI)', '00.000.000.0-000.000', 'contoh@gmail.com', '210000000', 'Jhon', '0000-00-00 00:00:00', 0, '2019-03-19 06:45:11', 0, '0'),
(152, 'RM SEDERHANA GRANDWIS', '00.000.000.0-000.000', 'contoh@gmail.com', '210000000', 'Jhon', '0000-00-00 00:00:00', 0, '2019-03-19 06:45:11', 0, '0'),
(153, 'REST AREA KM 19 ', '01.936.422.3-435.000', 'contoh@gmail.com', '81293889060', 'Jhon', '0000-00-00 00:00:00', 0, '2019-03-21 05:59:00', 1, '0'),
(154, 'LEKO GRAND WISATA', '84.304.841.4-435.000', 'contoh@gmail.com', '81288526797', 'BP RONI', '0000-00-00 00:00:00', 0, '2019-03-19 06:45:11', 0, '0'),
(155, 'BAKSO LAPANGAN TEMBAK GRAND WIS ( EXTRA )', '00.000.000.0-000.000', 'contoh@gmail.com', '02125672737', 'Jhon', '0000-00-00 00:00:00', 0, '2019-03-19 06:45:11', 0, '0'),
(156, 'BCA KANTOR KAS GRAND WISATA', '01.308.449.6-091.000', 'contoh@gmail.com', '2182615870', 'Jhon', '0000-00-00 00:00:00', 0, '2019-03-19 06:45:11', 0, '0'),
(157, 'JCO GGP', '02.399.392.6-432.001', 'contoh@gmail.com', '02129613134', 'Jhon', '0000-00-00 00:00:00', 0, '2019-03-19 06:45:11', 0, '0'),
(158, 'BREADTALK GGP', '02.248.386.1-039.000', 'contoh@gmail.com', '02129613168', 'Jhon', '0000-00-00 00:00:00', 0, '2019-03-19 06:45:11', 0, '0'),
(159, 'BCA KCP PONDOK TIMUR', '01.308.449.6-091.000', 'contoh@gmail.com', '0210500888', 'Jhon', '0000-00-00 00:00:00', 0, '2019-03-19 06:45:11', 0, '0'),
(160, 'BCA KCP RUKO KALIMAS', '01.308.449.6-091.000', 'contoh@gmail.com', '0211500888', 'Jhon', '0000-00-00 00:00:00', 0, '2019-03-19 06:45:11', 0, '0'),
(161, 'BREADTALK GRAND MM BEKASI LT.DASAR', '02.248.386.1-039.000', 'contoh@gmail.com', '0218848543', 'Jhon', '0000-00-00 00:00:00', 0, '2019-03-19 06:45:11', 0, '0'),
(162, 'JCO GRAND MM BEKASI LT.DASAR', '02.399.392.6-432.001', 'contoh@gmail.com', '02129579885', 'Jhon', '0000-00-00 00:00:00', 0, '2019-03-19 06:45:11', 0, '0'),
(163, 'PT BPRS ARTHA MANDIRI SYARIAH ', '02.422.289.5-414.000', 'contoh@gmail.com', '2189451322', 'Jhon', '0000-00-00 00:00:00', 0, '2019-03-19 06:45:11', 0, '0'),
(164, 'JCO METROPOLLITAN MALL ', '02.399.392.6-432.001', 'contoh@gmail.com', '02188861837', 'Jhon', '0000-00-00 00:00:00', 0, '2019-03-19 06:45:11', 0, '0'),
(165, 'BREAD TALK METROPOLITAN MALL', '02.248.386.1-039.000', 'contoh@gmail.com', '0218848543', 'Jhon', '0000-00-00 00:00:00', 0, '2019-03-19 06:45:11', 0, '0'),
(166, 'PT EXTRUPACK', '02.422.834.8-017.000', 'contoh@gmail.com', '0218842291', 'Jhon', '0000-00-00 00:00:00', 0, '2019-03-19 06:45:11', 0, '0'),
(167, 'BCA KCP GRAND MALL BEKASI', '01.308.449.6-091.000', 'contoh@gmail.com', '0211500888', 'Jhon', '0000-00-00 00:00:00', 0, '2019-03-19 06:45:11', 0, '0'),
(168, 'RUMAH BAPAK WIDODO ', '00.000.000.0-000.000', 'contoh@gmail.com', '210000000', 'Jhon', '0000-00-00 00:00:00', 0, '2019-03-19 06:45:11', 0, '0'),
(169, 'RICHEESE BINTARA ', '31.477.767.3-422.000', 'contoh@gmail.com', '1500220', 'Jhon', '0000-00-00 00:00:00', 0, '2019-03-19 06:45:11', 0, '0'),
(170, 'BCA KCP PONDOK UNGU', '01.308.449.6-091.000', 'contoh@gmail.com', '02188850826', 'Jhon', '0000-00-00 00:00:00', 0, '2019-03-19 06:45:11', 0, '0'),
(171, 'OCBC NISP AHMAD YANI BEKASI ', '01.788.254.9-062.000', 'contoh@gmail.com', '83877891114', 'Bp.Sanusi', '0000-00-00 00:00:00', 0, '2019-03-19 06:45:11', 0, '0'),
(172, 'DPI  FOR BCA KCU BEKASI', '02.663.229.9-038.000', 'contoh@gmail.com', '85210038760', 'Bapak Nirkam', '0000-00-00 00:00:00', 0, '2019-03-19 06:45:11', 0, '0'),
(173, 'BCA KCU BEKASI', '01.308.449.6-091.000', 'contoh@gmail.com', '87753822441', 'Jhon', '0000-00-00 00:00:00', 0, '2019-03-19 06:45:11', 0, '0'),
(174, 'QNB KESAWAN BEKASI', '01.100.446.2-054.000', 'contoh@gmail.com', '213508888', 'Jhon', '0000-00-00 00:00:00', 0, '2019-03-19 06:45:11', 0, '0'),
(175, 'BIZNET BEKASI', '01.967.024.9-073.000', 'contoh@gmail.com', '02157998864', 'Bp.Untung Suprihadi', '0000-00-00 00:00:00', 0, '2019-03-19 06:45:11', 0, '0'),
(176, 'BCA KANTOR KAS HYPERMALL', '01.308.449.6-091.000', 'contoh@gmail.com', '02128519982', 'Jhon', '0000-00-00 00:00:00', 0, '2019-03-19 06:45:11', 0, '0'),
(177, 'LAGOON AVENUE', '03.276.313.8-432.002', 'contoh@gmail.com', '2135761176', 'Jhon', '0000-00-00 00:00:00', 0, '2019-03-19 06:45:11', 0, '0'),
(178, 'TELKOMSEL BEKASI', '01.718.327.8-091.000', 'contoh@gmail.com', '217811270', 'Jhon', '0000-00-00 00:00:00', 0, '2019-03-19 06:45:11', 0, '0'),
(179, 'OCBC NISP GALAXY ', '01.788.254.9-062.000', 'contoh@gmail.com', '83877891114', 'Bp.Sanusi', '0000-00-00 00:00:00', 0, '2019-03-19 06:45:11', 0, '0'),
(180, 'OCBC NISP KEMANG', '01.788.254.9-062.000', 'contoh@gmail.com', '218222334', 'Jhon', '0000-00-00 00:00:00', 0, '2019-03-19 06:45:11', 0, '0'),
(181, 'BCA KCP GALAXY', '01.308.449.6-091.000', 'contoh@gmail.com', '02182408824', 'Jhon', '0000-00-00 00:00:00', 0, '2019-03-19 06:45:11', 0, '0'),
(182, 'BCA KEMANG PRATAMA', '01.308.449.6-091.000', 'contoh@gmail.com', '0210500888', 'Jhon', '0000-00-00 00:00:00', 0, '2019-03-19 06:45:11', 0, '0'),
(183, 'PT. ASTRAL PERMAI FOR ACA BEKASI  (6 Cans)', '00.000.000.0-000.000', 'contoh@gmail.com', '210000000', 'Jhon', '0000-00-00 00:00:00', 0, '2019-03-19 06:45:11', 0, '0'),
(184, 'BCA KCP JUANDA', '01.308.449.6-091.000', 'contoh@gmail.com', '0211500888', 'Jhon', '0000-00-00 00:00:00', 0, '2019-03-19 06:45:11', 0, '0'),
(185, 'AYAM GEPREK BENSU', '25.896.731.4-407.000', 'contoh@gmail.com', '210000000', 'Jhon', '0000-00-00 00:00:00', 0, '2019-03-19 06:45:11', 0, '0'),
(186, 'RS HERMINA BEKASI', '31.173.812.4-432.000', 'contoh@gmail.com', '0218842121', 'Jhon', '0000-00-00 00:00:00', 0, '2019-03-19 06:45:11', 0, '0'),
(187, 'PDAM BEKASI ', '01.477.196.8-431.000', 'contoh@gmail.com', '218841901', 'Jhon', '0000-00-00 00:00:00', 0, '2019-03-19 06:45:11', 0, '0'),
(188, 'PT. GKM  FOR KLINIK SATELIT GRAHA SENTRA MEDIKA', '00.000.000.0-000.000', 'contoh@gmail.com', '2182425480', 'Jhon', '0000-00-00 00:00:00', 0, '2019-03-19 06:45:11', 0, '0'),
(189, 'MILAN TEXSTILE ', '79.961.084.5-074.000', 'contoh@gmail.com', '082111011333', 'Jhon', '0000-00-00 00:00:00', 0, '2019-03-19 06:45:11', 0, '0'),
(190, 'MAX 3 BEKASI', '00.000.000.0-000.000', 'contoh@gmail.com', '02157998864', 'Jhon', '0000-00-00 00:00:00', 0, '2019-03-19 06:45:11', 0, '0'),
(191, 'PT. NOK INDONESIA ', '01.071.568.8-055.000', 'contoh@gmail.com', '218981041', 'Jhon', '0000-00-00 00:00:00', 0, '2019-03-19 06:45:11', 0, '0'),
(192, 'PT TSUCHIYA INDONESIA ', '01.081.602.3-431.000', 'contoh@gmail.com', '0218980050', 'Jhon', '0000-00-00 00:00:00', 0, '2019-03-19 06:45:11', 0, '0'),
(193, 'KOPKAR PARAMON BED MM2100 ', '00.000.000.0-000.000', 'contoh@gmail.com', '218981389', 'Jhon', '0000-00-00 00:00:00', 0, '2019-03-19 06:45:11', 0, '0'),
(194, 'OCBC NISP MM2100 CIBITUNG ', '01.788.254.9-062.000', 'contoh@gmail.com', '83877891114', 'Bp.Sanusi', '0000-00-00 00:00:00', 0, '2019-03-19 06:45:11', 0, '0'),
(195, 'BII MAYBANK KCP CIBITUNG ', '01.309.323.2-091.000', 'contoh@gmail.com', '218981338', 'Jhon', '0000-00-00 00:00:00', 0, '2019-03-19 06:45:11', 0, '0'),
(196, 'HOTEL ENSO', '72.412.665.1-413.001', 'contoh@gmail.com', '02150603838', 'Jhon', '0000-00-00 00:00:00', 0, '2019-03-19 06:45:11', 0, '0'),
(197, 'ROKI PLANT 1 CIBITUNG', '02.059.202.8-059.000', 'contoh@gmail.com', '089981631', 'Jhon', '0000-00-00 00:00:00', 0, '2019-03-19 06:45:11', 0, '0'),
(198, 'AIR LIQUIDE CIBITUNG', '01.351.453.4-052.000', 'contoh@gmail.com', '0218980071', 'Jhon', '0000-00-00 00:00:00', 0, '2019-03-19 06:45:11', 0, '0'),
(199, 'LG ELECTRONICS INDONESIA', '01.869.344.0-055.000', 'contoh@gmail.com', '2189982228', 'Jhon', '0000-00-00 00:00:00', 0, '2019-03-19 06:45:11', 0, '0'),
(200, 'PT. HONDA LOCK INDONESIA', '01.869.445.5-055.000', ' lupita@hondalock.co.id', '2189982672', 'Ibu Lupita', '0000-00-00 00:00:00', 0, '2019-03-19 06:45:11', 0, '0'),
(201, 'PT. EMSONIC INDONESIA', '31.249.770.4-413.000', 'samsi.ade@emsonic.com', '2189983819', 'Bapak Ade', '0000-00-00 00:00:00', 0, '2019-03-19 06:45:11', 0, '0'),
(202, 'PT. DCI INDONESIA', '31.366.071.4-012.000', 'contoh@gmail.com', '210000000', 'Jhon', '0000-00-00 00:00:00', 0, '2019-03-19 06:45:11', 0, '0'),
(203, 'PT CIKARANG LISTRINDO FOR CL CIBITUNG ', '01.547.702.9-062.000', 'contoh@gmail.com', '0218934108', 'Jhon', '0000-00-00 00:00:00', 0, '2019-03-19 06:45:11', 0, '0'),
(204, 'PT SUPERNOVA FLEXIBLE PACKAGING CIBITUNG', '01.781.533.3-046.000', 'contoh@gmail.com', '021893 6665', 'Jhon', '0000-00-00 00:00:00', 0, '2019-03-19 06:45:11', 0, '0'),
(205, 'HONDA LOCK 1', '01.869.445.5-055.000', ' lupita@hondalock.co.id', '2189982672', 'Ibu Lupita', '0000-00-00 00:00:00', 0, '2019-03-19 06:45:11', 0, '0'),
(206, 'ASMO INDONESIA', '01.824.388.1-055.000', 'syafii@asmo.co.id', '218981288', 'Bapak Syafi''i', '0000-00-00 00:00:00', 0, '2019-03-19 06:45:11', 0, '0'),
(207, 'BLU MALL BEKASI', '02.492.960.6-407.001', 'contoh@gmail.com', '218823555', 'Jhon', '0000-00-00 00:00:00', 0, '2019-03-19 06:45:11', 0, '0'),
(208, 'D''COST BLU MALL PLAZA BEKASI', '31.249.378.6-414.001', 'contoh@gmail.com', '02129085701', 'Jhon', '0000-00-00 00:00:00', 0, '2019-03-19 06:45:11', 0, '0'),
(209, 'KPP PRATAMA BEKASI ', '00.002.905.8-432.000', 'joezyman@gmail.com', '88347336', 'Bapak Juanda', '0000-00-00 00:00:00', 0, '2019-03-19 06:45:11', 0, '0'),
(210, 'PHD NUSANTARA', '01.323.964.5.092.000', 'contoh@gmail.com', '1500600', 'Jhon', '0000-00-00 00:00:00', 0, '2019-03-19 06:45:11', 0, '0'),
(211, 'RICHEESE PEKAYON', '31.477.767.3-422.000', 'contoh@gmail.com', '2182438492', 'Jhon', '0000-00-00 00:00:00', 0, '2019-03-19 06:45:11', 0, '0'),
(212, 'SINAR SOSRO', '01.002.960.1-092.000', 'contoh@gmail.com', '2188360141', 'Jhon', '0000-00-00 00:00:00', 0, '2019-03-19 06:45:11', 0, '0'),
(213, 'SINAR SOSRO TAMBUN ', '01.002.960.1-092.000', 'contoh@gmail.com', '0218802408', 'Jhon', '0000-00-00 00:00:00', 0, '2019-03-19 06:45:11', 0, '0'),
(214, 'OCBC NISP G.GARUDA CIBITUNG ', '01.788.254.9-062.000', 'contoh@gmail.com', '83877891114', 'Bp.Sanusi', '0000-00-00 00:00:00', 0, '2019-03-19 06:45:11', 0, '0'),
(215, 'HOTEL EVITEL ', '01.593.777.4-413.000', 'dimasmardiansyah29@yahoo.com', '2188333111', 'Bapak Dimas', '0000-00-00 00:00:00', 0, '2019-03-19 06:45:11', 0, '0'),
(216, 'BCA KCP TAMBUN', '01.308.449.6-091.000', 'contoh@gmail.com', '02188355390', 'Jhon', '0000-00-00 00:00:00', 0, '2019-03-19 06:45:11', 0, '0'),
(217, 'RICHEESE TAMBUN', '31.477.767.3-422.000', 'contoh@gmail.com', '210000000', 'Jhon', '0000-00-00 00:00:00', 0, '2019-03-19 06:45:11', 0, '0'),
(218, 'KLINIK UTAMA RIDHO', '31.209.766.0-435.000', 'contoh@gmail.com', '81282441820', 'DR.MARIYAM', '0000-00-00 00:00:00', 0, '2019-03-19 06:45:11', 0, '0'),
(219, 'RESTO ASIX CIBITUNG', '85.282.552.0-448.000', 'contoh@gmail.com', '811222365', 'BP RUDI', '0000-00-00 00:00:00', 0, '2019-03-19 06:45:11', 0, '0'),
(220, 'AYAM GEPREK BENSU TAMBUN', '25.896.731.4-407.000', 'contoh@gmail.com', '210000000', 'Jhon', '0000-00-00 00:00:00', 0, '2019-03-19 06:45:11', 0, '0'),
(221, 'CFC WARUNG BONGKOK', '00.000.000.0-000.000', 'contoh@gmail.com', '0212145559', 'Jhon', '0000-00-00 00:00:00', 0, '2019-03-19 06:45:11', 0, '0'),
(222, 'REST AREA KM 19', '01.936.422.3-435.000', 'contoh@gmail.com', '81293889060', 'Jhon', '0000-00-00 00:00:00', 0, '2019-03-19 06:45:11', 0, '0'),
(223, 'BAKSO LAPANGAN TEMBAK GRAND WIS', '00.000.000.0-000.000', 'contoh@gmail.com', '02125672737', 'Jhon', '0000-00-00 00:00:00', 0, '2019-03-19 06:45:11', 0, '0'),
(224, 'CARREFOUR BLU MALL BEKASI', '01.711.062.8-092.000', 'contoh@gmail.com', '082208255121', 'Jhon', '0000-00-00 00:00:00', 0, '2019-03-19 06:45:11', 0, '0'),
(225, 'BSM BEKASI', '01.309.883.5-093.000', 'contoh@gmail.com', '02170214078', 'Jhon', '0000-00-00 00:00:00', 0, '2019-03-19 06:45:11', 0, '0'),
(226, 'AL AZHAR SUMMARECON ', '31.517.420.1-407.001', 'contoh@gmail.com', '210000000', 'Jhon', '0000-00-00 00:00:00', 0, '2019-03-19 06:45:11', 0, '0'),
(227, 'FESTIVE WALK ', '01.513.085.9-408.000', 'contoh@gmail.com', '02678643799', 'Jhon', '0000-00-00 00:00:00', 0, '2019-03-19 06:45:11', 0, '0'),
(228, 'MALL KCP ', '00.000.000.0-000.000', 'contoh@gmail.com', '267863667', 'Jhon', '0000-00-00 00:00:00', 0, '2019-03-19 06:45:11', 0, '0'),
(229, 'TECHNOMART ', '01.513.085.9-408.000', 'contoh@gmail.com', '02678636888', 'Jhon', '0000-00-00 00:00:00', 0, '2019-03-19 06:45:11', 0, '0'),
(230, 'HELIOS FITNESS ', '06.335.428.6-002.000', 'contoh@gmail.com', '88166636917', 'Jhon', '0000-00-00 00:00:00', 0, '2019-03-19 06:45:11', 0, '0'),
(231, 'OCBC NISP GALUH MAS ', '01.788.254.9-062.000', 'contoh@gmail.com', '83877891114', 'Bp.Sanusi', '0000-00-00 00:00:00', 0, '2019-03-19 06:45:11', 0, '0'),
(232, 'PT. CIKARANG LISTRINDO', '01.547.702.9-062.000', 'ida.sihombing@listrindo.com', '218934108', 'Ibu Ida', '0000-00-00 00:00:00', 0, '2019-03-19 06:45:11', 0, '0'),
(233, 'PT. CIKARANG LISTRINDO FOR NEW LOBBY ', '01.547.702.9-062.000', 'ida.sihombing@listrindo.com', '218934108', 'Ibu Ida', '0000-00-00 00:00:00', 0, '2019-03-19 06:45:11', 0, '0'),
(234, 'PT. CIKARANG LISTRINDO ', '01.547.702.9-062.000', 'ida.sihombing@listrindo.com', '218934108', 'Ibu Ida', '0000-00-00 00:00:00', 0, '2019-03-19 06:45:11', 0, '0'),
(235, 'PLN BEKASI ', '01.327.381.8-403.000', 'contoh@gmail.com', '2122844515', 'Jhon', '0000-00-00 00:00:00', 0, '2019-03-19 06:45:11', 0, '0'),
(236, 'PT. TASPEN', '01.000.482.8-407.001', 'contoh@gmail.com', '2128519766', 'Jhon', '0000-00-00 00:00:00', 0, '2019-03-19 06:45:11', 0, '0'),
(237, 'AMAROOSSA GRANDE HOTEL', '31.564.296.7-432.000', 'contoh@gmail.com', '81318199089', 'BP ASPAN', '0000-00-00 00:00:00', 0, '2019-03-19 06:45:11', 0, '0'),
(238, 'KANWIL DJP JAWABARAT II ', '00.000.000.0-000.000', 'contoh@gmail.com', '2188963315', 'Jhon', '0000-00-00 00:00:00', 0, '2019-03-19 06:45:11', 0, '0'),
(239, 'PT. BANK TABUNGAN NEGARA (PERSERO), Tbk ', '01.001.609.5-093.000', 'contoh@gmail.com', '218840649', 'Jhon', '0000-00-00 00:00:00', 0, '2019-03-19 06:45:11', 0, '0'),
(240, 'PT. BANK TABUNGAN NEGARA (PERSERO), Tbk FOR RO', '01.001.609.5-093.000', 'contoh@gmail.com', '218840649', 'Jhon', '0000-00-00 00:00:00', 0, '2019-03-19 06:45:11', 0, '0'),
(241, 'CL BABELAN', '01.547.702.9-062.000', 'contoh@gmail.com', '210000000', 'Jhon', '0000-00-00 00:00:00', 0, '2019-03-19 06:45:11', 0, '0'),
(242, 'OPPO SMB', '00.000.000.0-000.000', 'contoh@gmail.com', '210000000', 'Jhon', '0000-00-00 00:00:00', 0, '2019-03-19 06:45:11', 0, '0'),
(243, 'OPPO FOR KANTOR TOPAZ', '00.000.000.0-000.000', 'contoh@gmail.com', '210000000', 'Jhon', '0000-00-00 00:00:00', 0, '2019-03-19 06:45:11', 0, '0'),
(244, 'OPPO FOR KANTOR EMERALD', '00.000.000.0-000.000', 'contoh@gmail.com', '8174848807', 'Jhon', '0000-00-00 00:00:00', 0, '2019-03-19 06:45:11', 0, '0'),
(245, 'OPPO SMB', '00.000.000.0-000.000', 'contoh@gmail.com', '210000000', 'Jhon', '0000-00-00 00:00:00', 0, '2019-03-19 06:45:11', 0, '0'),
(246, 'JNT EXPRESS BEKASI', '00.000.000.0-000.000', 'contoh@gmail.com', '02129620503', 'Jhon', '0000-00-00 00:00:00', 0, '2019-03-19 06:45:11', 0, '0'),
(247, 'STARKLEEN FOR DECATHLON', '85.556.429.0-416.000', 'contoh@gmail.com', '8174848807', 'Jhon', '0000-00-00 00:00:00', 0, '2019-03-19 06:45:11', 0, '0'),
(248, 'GRAND GALAXY PARK', '03.165.273.8-432.000', 'contoh@gmail.com', '02129613300', 'Jhon', '0000-00-00 00:00:00', 0, '2019-03-19 06:45:11', 0, '0'),
(249, 'STIE TRISAKTI', '01.392.354.5-036.000', 'contoh@gmail.com', '02182735090', 'Jhon', '0000-00-00 00:00:00', 0, '2019-03-19 06:45:11', 0, '0'),
(250, 'JASA MARGA CIKAMPEK ', '01.001.675.6-093.000', 'contoh@gmail.com', '218216515', 'Jhon', '0000-00-00 00:00:00', 0, '2019-03-19 06:45:11', 0, '0'),
(251, 'CV. WIJAYANTARA FOR ALAZHAR KEMANG PRATAMA ', '00.000.000.0-000.000', 'contoh@gmail.com', '02182421942', 'Jhon', '0000-00-00 00:00:00', 0, '2019-03-19 06:45:11', 0, '0'),
(252, 'PT. AGUNG GRAHA PERSADA UTAMA', '02.362.925.6-413.001', 'contoh@gmail.com', '08118284848', 'Jhon', '0000-00-00 00:00:00', 0, '2019-03-19 06:45:11', 0, '0'),
(253, 'FLIX GRAND GALAXY PARK ', '31.556.377.5-026.000', 'admin.ggp@flixcinema.com', '81210760000', 'Ibu Emilia ', '0000-00-00 00:00:00', 0, '2019-03-19 06:45:11', 0, '0'),
(254, 'RADJA REFLEKSI', '00.000.000.0-000.000', 'contoh@gmail.com', '210000000', 'Jhon', '0000-00-00 00:00:00', 0, '2019-03-19 06:45:11', 0, '0'),
(255, 'ADHIKARA BANGUN JAYA', '74.630.462.5-015.000', 'contoh@gmail.com', '87877389113', 'Jhon', '0000-00-00 00:00:00', 0, '2019-03-19 06:45:11', 0, '0'),
(256, 'JCO HOLLYWOOD JUNCTION', '02.399.392.6-432.001', 'contoh@gmail.com', '8158898000', 'Jhon', '0000-00-00 00:00:00', 0, '2019-03-19 06:45:11', 0, '0'),
(257, 'BREADTALK HOLLYWOOD JUNCTION', '02.248.386.1-039.000', 'contoh@gmail.com', '8158898000', 'Jhon', '0000-00-00 00:00:00', 0, '2019-03-19 06:45:11', 0, '0'),
(258, 'ELVIS APARTEMENT', '00.000.000.0-000.000', 'contoh@gmail.com', '82114416201', 'Jhon', '0000-00-00 00:00:00', 0, '2019-03-19 06:45:11', 0, '0'),
(259, 'HOLLYWOOD JUNCTION', '00.000.000.0-000.000', 'contoh@gmail.com', '82114713662', 'Bapak Zaky', '0000-00-00 00:00:00', 0, '2019-03-19 06:45:11', 0, '0'),
(260, 'RICHEESE JABABEKA', '31.477.767.3-422.000', 'contoh@gmail.com', '0211500220', 'Jhon', '0000-00-00 00:00:00', 0, '2019-03-19 06:45:11', 0, '0'),
(261, 'MASJID TROPIKANA', '00.000.000.0-000.000', 'contoh@gmail.com', '08128003800', 'Jhon', '0000-00-00 00:00:00', 0, '2019-03-19 06:45:11', 0, '0'),
(262, 'D''COST SGC CIKARANG', '31.249.378.6-414.001', 'contoh@gmail.com', '2165834032', 'Jhon', '0000-00-00 00:00:00', 0, '2019-03-19 06:45:11', 0, '0'),
(263, 'PT BPRS ARTHA MADANI', '02.422.289.5-414.000', 'contoh@gmail.com', '210000000', 'Jhon', '0000-00-00 00:00:00', 0, '2019-03-19 06:45:11', 0, '0'),
(264, 'CFC NAGA CIKARANG', '00.000.000.0-000.000', 'contoh@gmail.com', '0212145559', 'Jhon', '0000-00-00 00:00:00', 0, '2019-03-19 06:45:11', 0, '0'),
(265, 'PT HANES SUPPLY CHAIN INDONESIA ', '00.000.000.0-000.000', 'contoh@gmail.com', '0218937273', 'Jhon', '0000-00-00 00:00:00', 0, '2019-03-19 06:45:11', 0, '0'),
(266, 'BNI KLN KOSAMBI', '01.785.256.7-093.000', 'contoh@gmail.com', '2157899999', 'Jhon', '0000-00-00 00:00:00', 0, '2019-03-19 06:45:11', 0, '0'),
(267, 'BNI KLN CIKAMPEK', '01.785.256.7-093.000', 'contoh@gmail.com', '2157899999', 'Jhon', '0000-00-00 00:00:00', 0, '2019-03-19 06:45:11', 0, '0'),
(268, 'BNI KK PASAR CIKAMPEK', '01.785.256.7-093.000', 'contoh@gmail.com', '2157899999', 'Jhon', '0000-00-00 00:00:00', 0, '2019-03-19 06:45:11', 0, '0'),
(269, 'BNI TELAGA ASRI', '01.785.256.7-093.000', 'contoh@gmail.com', '2157899999', 'Jhon', '0000-00-00 00:00:00', 0, '2019-03-19 06:45:11', 0, '0'),
(270, 'BIZNET CIKAMPEK', '01.967.024.9-073.000', 'contoh@gmail.com', '02678630302', 'Jhon', '0000-00-00 00:00:00', 0, '2019-03-19 06:45:11', 0, '0'),
(271, 'BII MAYBANK KCP CIKAMPEK ', '01.309.323.2-091.000', 'contoh@gmail.com', '02648371185', 'Ibu Ika', '0000-00-00 00:00:00', 0, '2019-03-19 06:45:11', 0, '0'),
(272, 'RICHEESE KM 39', '31.477.767.3-422.000', 'contoh@gmail.com', '0211500220', 'Jhon', '0000-00-00 00:00:00', 0, '2019-03-19 06:45:11', 0, '0'),
(273, 'RICHEESE MALL CIKAMPEK', '31.477.767.3-422.000', 'contoh@gmail.com', '0211500220', 'Jhon', '0000-00-00 00:00:00', 0, '2019-03-19 06:45:11', 0, '0'),
(274, 'PT INDOPOLY ', '01.071.005.1-054.000', 'contoh@gmail.com', '0264351455', 'Jhon', '0000-00-00 00:00:00', 0, '2019-03-19 06:45:11', 0, '0'),
(275, 'PT BANK MANDIRI KOTA BUKIT INDAH ', '01.061.173.9-409.007', 'contoh@gmail.com', '2648302043', 'Jhon', '0000-00-00 00:00:00', 0, '2019-03-19 06:45:11', 0, '0'),
(276, 'PT ASRI PELANGI NUSANTARA ', '01.785.137.9-409.001', 'contoh@gmail.com', '210000000', 'Jhon', '0000-00-00 00:00:00', 0, '2019-03-19 06:45:11', 0, '0'),
(277, 'DHL KOTA BUKIT INDAH  ', '01.310.774.3-062.000', 'contoh@gmail.com', '2648642100', 'Jhon', '0000-00-00 00:00:00', 0, '2019-03-19 06:45:11', 0, '0'),
(278, 'KPPBC TMPA PURWAKARTA NEW', '00.181.227.0-409.000', 'contoh@gmail.com', '264444777', 'Jhon', '0000-00-00 00:00:00', 0, '2019-03-19 06:45:11', 0, '0'),
(279, 'B''BRAUN PT AGUNG MANDIRI GLOBAL', '31.251.577.8-433.000', 'contoh@gmail.com', '81399201914', 'Jhon', '0000-00-00 00:00:00', 0, '2019-03-19 06:45:11', 0, '0'),
(280, 'PT SUISSE FOR KALBE CIKAMPEK ', '21.007.965.3-031.000', 'contoh@gmail.com', '264350680', 'Jhon', '0000-00-00 00:00:00', 0, '2019-03-19 06:45:11', 0, '0'),
(281, 'BII MAYBANK KCP BUKIT INDAH ', '01.309.323.2-091.000', 'contoh@gmail.com', '2129228888', 'Jhon', '0000-00-00 00:00:00', 0, '2019-03-19 06:45:11', 0, '0'),
(282, 'SAKURA PARK & LOUNGE', '03.312.391.0-016.000', 'ade@hk.sakura.co.id', '02130425425', 'Bapak Ade Rahmat', '0000-00-00 00:00:00', 0, '2019-03-19 06:45:11', 0, '0'),
(283, 'SAKURA PARK HOTEL  ', '03.312.391.0-016.000', 'ade@hk.sakura.co.id', '02130425425', 'Bapak Ade Rahmat', '0000-00-00 00:00:00', 0, '2019-03-19 06:45:11', 0, '0'),
(284, 'SAKURA PARK APARTEMENT  ', '03.312.391.0-016.000', 'ade@hk.sakura.co.id', '02130425425', 'Bapak Ade Rahmat', '0000-00-00 00:00:00', 0, '2019-03-19 06:45:11', 0, '0'),
(285, 'SAKURA PARK HOTEL & RESIDENCE', '03.312.391.0-016.000', 'ade@hk.sakura.co.id', '02130425425', 'Bapak Ade Rahmat', '0000-00-00 00:00:00', 0, '2019-03-19 06:45:11', 0, '0'),
(286, 'RESTORAN MEI HWA (SAKURA PARK)', '03.312.391.0-016.000', 'ade@hk.sakura.co.id', '02130425425', 'Bapak Ade Rahmat', '0000-00-00 00:00:00', 0, '2019-03-19 06:45:11', 0, '0'),
(287, 'OCBC NISP PLAZA RESTO ', '01.788.254.9-062.000', 'contoh@gmail.com', '83877891114', 'Bp.Sanusi', '0000-00-00 00:00:00', 0, '2019-03-19 06:45:11', 0, '0'),
(288, 'BIZNET CIKARANG', '01.967.024.9-073.000', 'contoh@gmail.com', '82118332880', 'Muhammad Khuluqi', '0000-00-00 00:00:00', 0, '2019-03-19 06:45:11', 0, '0'),
(289, 'BSM CIKARANG', '01.309.883.5-093.000', 'contoh@gmail.com', '02189842324', 'Jhon', '0000-00-00 00:00:00', 0, '2019-03-19 06:45:11', 0, '0'),
(290, 'PT PRODIA OHI INTERNATIONAL ', '02.808.949.8-023.000', 'adhithiap@yahoo.co.id', '2157957351', 'Adhithia Purnama', '0000-00-00 00:00:00', 0, '2019-03-19 06:45:11', 0, '0'),
(291, 'PT. KERRY INGREDIENTS INDONESIA', '21.044.114.3-431.000', 'contoh@gmail.com', '02128637100', 'Jhon', '0000-00-00 00:00:00', 0, '2019-03-19 06:45:11', 0, '0'),
(292, 'AIR LIQUIDE CIKARANG', '01.351.453.4-052.000', 'contoh@gmail.com', '0218980071', 'Jhon', '0000-00-00 00:00:00', 0, '2019-03-19 06:45:11', 0, '0'),
(293, 'METROSUITE HOTEL ', '01.650.752.7-413.000', 'contoh@gmail.com', '2189840580', 'Jhon', '0000-00-00 00:00:00', 0, '2019-03-19 06:45:11', 0, '0'),
(294, 'GRAND ZURY HOTEL ', '02.744.051.0-413.000', 'contoh@gmail.com', '02189842355', 'Jhon', '0000-00-00 00:00:00', 0, '2019-03-19 06:45:11', 0, '0'),
(295, 'OCBC NISP CAPITOL CIKARANG ', '01.788.254.9-062.000', 'contoh@gmail.com', '83877891114', 'Bp.Sanusi', '0000-00-00 00:00:00', 0, '2019-03-19 06:45:11', 0, '0'),
(296, 'PT. EVONIK INDONESIA ', '02.116.321.7-059.000', 'istiqomah.farsinah@dgextern', '2189835090', 'Ibu Istiqomah', '0000-00-00 00:00:00', 0, '2019-03-19 06:45:11', 0, '0'),
(297, 'DHL CIKARANG ', '01.310.774.3-062.000', 'chuchart.polanski@dhl.com', '210000000', 'Chuchart Polanzki', '0000-00-00 00:00:00', 0, '2019-03-19 06:45:11', 0, '0'),
(298, 'GRANDE VALORE', '02.494.157.7-035.000', 'contoh@gmail.com', '02189842000', 'Jhon', '0000-00-00 00:00:00', 0, '2019-03-19 06:45:11', 0, '0'),
(299, 'HOLIDAY INN', '01.333.845.4-414.000', 'Ririen.Wiyanto@ihg.com', '2189845659', 'Ririen', '0000-00-00 00:00:00', 0, '2019-03-19 06:45:11', 0, '0'),
(300, 'PT. HIROSHE ELECTRIC INDONESIA', '01.071.311.3-055.000', 'contoh@gmail.com', '218970977', 'Jhon', '0000-00-00 00:00:00', 0, '2019-03-19 06:45:11', 0, '0'),
(301, 'B''BRAUN PT AGUNG MANDIRI GLOBAL', '31.251.577.8-433.000', 'contoh@gmail.com', '81399201914', 'Jhon', '0000-00-00 00:00:00', 0, '2019-03-19 06:45:11', 0, '0'),
(302, 'MAL CIKAMPEK', '80.816.768.8-433.000', 'contoh@gmail.com', '210000000', 'Jhon', '0000-00-00 00:00:00', 0, '2019-03-19 06:45:11', 0, '0'),
(303, 'DEXA MEDICA FOR GD.UYILITY', '01.129.507.8-092.000', 'contoh@gmail.com', '02182654984', 'Jhon', '0000-00-00 00:00:00', 0, '2019-03-19 06:45:11', 0, '0'),
(304, 'DEXA MEDICA FOR GD.DDC ', '01.129.507.8-092.000', 'contoh@gmail.com', '02182654984', 'Jhon', '0000-00-00 00:00:00', 0, '2019-03-19 06:45:11', 0, '0'),
(305, 'DEXA MEDICA FOR DLBS', '01.129.507.8-092.000', 'contoh@gmail.com', '02182654984', 'Jhon', '0000-00-00 00:00:00', 0, '2019-03-19 06:45:11', 0, '0'),
(306, 'PT MEKAR ARMADA JAYA ', '01.107.593.4-524.000', 'contoh@gmail.com', '2188346911', 'Jhon', '0000-00-00 00:00:00', 0, '2019-03-19 06:45:11', 0, '0'),
(307, 'PT MAHATI KARAWANG FOR TELAGA RESTO ', '31.576.478.7-408.000', 'contoh@gmail.com', '8888024436', 'Ibu Bagja', '2019-03-19 03:32:28', 1, '2019-03-19 07:32:28', 0, '0');

-- --------------------------------------------------------

--
-- Struktur dari tabel `group_menu`
--

CREATE TABLE IF NOT EXISTS `group_menu` (
  `group_menu_id` int(5) NOT NULL AUTO_INCREMENT,
  `group_menu_name` text NOT NULL,
  `group_menu_desc` text NOT NULL,
  `icon` varchar(50) NOT NULL DEFAULT 'fa-table',
  `created_date` datetime NOT NULL,
  `created_by` int(5) NOT NULL,
  `updated_date` timestamp NOT NULL DEFAULT CURRENT_TIMESTAMP ON UPDATE CURRENT_TIMESTAMP,
  `updated_by` int(5) NOT NULL,
  `deleted` enum('0','1') NOT NULL DEFAULT '0',
  PRIMARY KEY (`group_menu_id`)
) ENGINE=MyISAM  DEFAULT CHARSET=latin1 AUTO_INCREMENT=11 ;

--
-- Dumping data untuk tabel `group_menu`
--

INSERT INTO `group_menu` (`group_menu_id`, `group_menu_name`, `group_menu_desc`, `icon`, `created_date`, `created_by`, `updated_date`, `updated_by`, `deleted`) VALUES
(1, 'Manage User', 'none', 'fa-user', '0000-00-00 00:00:00', 0, '2018-10-12 06:22:59', 0, '0'),
(2, 'Manage Privileges', 'none', 'fa-key', '0000-00-00 00:00:00', 0, '2018-10-12 06:31:04', 0, '0'),
(3, 'Manage Product', 'none', 'fa-archive', '0000-00-00 00:00:00', 0, '2018-10-12 15:40:34', 0, '0'),
(4, 'Manage Branch', 'none', 'fa-home', '0000-00-00 00:00:00', 0, '2018-10-12 16:10:31', 0, '0'),
(5, 'Manage Inventory', 'none', 'fa-list', '0000-00-00 00:00:00', 0, '2018-10-12 15:50:34', 0, '0'),
(6, 'Manage Customer', 'none', 'fa-group', '0000-00-00 00:00:00', 0, '2018-10-12 15:55:06', 0, '0'),
(7, 'Manage Contract', 'none', 'fa-file-text-o', '0000-00-00 00:00:00', 0, '2018-10-12 16:02:01', 0, '0'),
(8, 'Manage Schedule', 'none', 'fa-calendar-check-o', '0000-00-00 00:00:00', 0, '2018-10-12 16:17:19', 0, '0'),
(9, 'Manage Calendar', 'none', 'fa-calendar', '0000-00-00 00:00:00', 0, '2018-10-12 16:17:01', 0, '0'),
(10, 'History', 'none', 'fa-history', '0000-00-00 00:00:00', 0, '2018-10-12 16:18:59', 0, '0');

-- --------------------------------------------------------

--
-- Struktur dari tabel `gudang`
--

CREATE TABLE IF NOT EXISTS `gudang` (
  `gudang_id` int(11) NOT NULL AUTO_INCREMENT,
  `branch_id` int(11) NOT NULL,
  `gudang_code` varchar(50) NOT NULL,
  `code_string` varchar(100) NOT NULL,
  `gudang_name` varchar(100) NOT NULL,
  `gudang_address` text NOT NULL,
  `gudang_lat` double NOT NULL,
  `gudang_long` double NOT NULL,
  `gudang_zoom` text NOT NULL,
  `created_date` datetime NOT NULL,
  `created_by` int(11) NOT NULL,
  `update_by` int(11) NOT NULL,
  `update_date` timestamp NOT NULL DEFAULT CURRENT_TIMESTAMP ON UPDATE CURRENT_TIMESTAMP,
  `deleted` enum('0','1') NOT NULL DEFAULT '0',
  PRIMARY KEY (`gudang_id`)
) ENGINE=InnoDB  DEFAULT CHARSET=latin1 AUTO_INCREMENT=6 ;

--
-- Dumping data untuk tabel `gudang`
--

INSERT INTO `gudang` (`gudang_id`, `branch_id`, `gudang_code`, `code_string`, `gudang_name`, `gudang_address`, `gudang_lat`, `gudang_long`, `gudang_zoom`, `created_date`, `created_by`, `update_by`, `update_date`, `deleted`) VALUES
(1, 1, '0001', 'GD', 'Jkt 1', 'Manggarai', -6.192442463623536, 106.83949843337405, '12', '2019-03-23 13:37:07', 1, 0, '2019-03-27 04:12:23', '1'),
(2, 1, '0002', 'GD', 'Gudang 1 BCC', 'Cikarang', -6.1864864, 106.83409110000002, '12', '2019-03-27 00:13:00', 1, 0, '2019-03-27 04:13:00', '0'),
(3, 1, '0003', 'GD', 'Gudang 2 BCC', 'Cikarang', -6.1864864, 106.83409110000002, '12', '2019-03-27 00:30:59', 1, 0, '2019-03-27 04:30:59', '0'),
(4, 1, '0004', 'GD', 'Gudang 3 BCC', 'Cikarang', -6.1864864, 106.83409110000002, '12', '2019-03-27 00:31:31', 1, 0, '2019-03-27 04:31:31', '0'),
(5, 1, '0005', 'GD', 'Gudang Material BCC', 'Cikarang', -6.1864864, 106.83409110000002, '12', '2019-03-27 00:32:31', 1, 0, '2019-03-27 04:32:31', '0');

-- --------------------------------------------------------

--
-- Struktur dari tabel `index`
--

CREATE TABLE IF NOT EXISTS `index` (
  `index_id` varchar(20) NOT NULL,
  `title` text NOT NULL,
  `description` text NOT NULL,
  `keyword` text NOT NULL,
  `url` text NOT NULL,
  `deleted` enum('0','1') NOT NULL DEFAULT '0',
  PRIMARY KEY (`index_id`)
) ENGINE=MyISAM DEFAULT CHARSET=latin1;

--
-- Dumping data untuk tabel `index`
--

INSERT INTO `index` (`index_id`, `title`, `description`, `keyword`, `url`, `deleted`) VALUES
('contact', 'Contact information for codelabs', 'codelabs jakarta indonesi', 'codelabs, developer, jakarta, indonesia.', 'contact', '0'),
('home', 'Codelabs Jakarta, indonesia', 'we are codelabs Jakarta, indonesia', 'programer, mobile, android, ios', 'home', '0');

-- --------------------------------------------------------

--
-- Struktur dari tabel `inventory`
--

CREATE TABLE IF NOT EXISTS `inventory` (
  `inventory_id` int(11) NOT NULL AUTO_INCREMENT,
  `product_id` int(11) NOT NULL,
  `branch_id` int(11) NOT NULL,
  `gudang_id` int(11) NOT NULL,
  `product_stock` int(11) NOT NULL DEFAULT '0',
  `min_stock` int(11) NOT NULL,
  `created_date` datetime DEFAULT NULL,
  `created_by` int(11) DEFAULT NULL,
  `update_date` timestamp NOT NULL DEFAULT CURRENT_TIMESTAMP ON UPDATE CURRENT_TIMESTAMP,
  `update_by` int(11) DEFAULT NULL,
  `deleted` enum('0','1') DEFAULT '0',
  PRIMARY KEY (`inventory_id`)
) ENGINE=InnoDB  DEFAULT CHARSET=latin1 AUTO_INCREMENT=22 ;

--
-- Dumping data untuk tabel `inventory`
--

INSERT INTO `inventory` (`inventory_id`, `product_id`, `branch_id`, `gudang_id`, `product_stock`, `min_stock`, `created_date`, `created_by`, `update_date`, `update_by`, `deleted`) VALUES
(1, 1, 1, 1, 10, 5, '2019-03-23 13:38:18', 1, '2019-03-27 01:30:12', NULL, '1'),
(2, 1, 1, 2, 200, 10, '2019-03-27 00:33:19', 1, '2019-03-27 04:33:19', NULL, '0'),
(3, 2, 1, 2, 200, 1, '2019-03-27 00:33:39', 1, '2019-03-27 04:33:39', NULL, '0'),
(4, 3, 1, 2, 200, 1, '2019-03-27 00:33:59', 1, '2019-03-27 04:33:59', NULL, '0'),
(5, 6, 1, 2, 200, 1, '2019-03-27 00:34:14', 1, '2019-03-27 04:34:14', NULL, '0'),
(6, 10, 1, 2, 200, 1, '2019-03-27 02:24:56', 1, '2019-03-27 06:24:56', NULL, '0'),
(7, 11, 1, 2, 200, 1, '2019-03-27 02:25:28', 1, '2019-03-27 06:25:28', NULL, '0'),
(8, 12, 1, 2, 200, 1, '2019-03-27 02:25:54', 1, '2019-03-27 06:25:54', NULL, '0'),
(9, 17, 1, 2, 200, 1, '2019-03-27 02:28:11', 1, '2019-03-27 06:28:11', NULL, '0'),
(10, 18, 1, 2, 200, 1, '2019-03-27 02:29:35', 1, '2019-03-27 06:29:35', NULL, '0'),
(11, 19, 1, 2, 200, 1, '2019-03-27 02:30:25', 1, '2019-03-27 06:30:25', NULL, '0'),
(12, 21, 1, 2, 200, 1, '2019-03-27 02:32:11', 1, '2019-03-27 06:32:11', NULL, '0'),
(13, 26, 1, 2, 200, 1, '2019-03-27 02:33:07', 1, '2019-03-27 06:33:07', NULL, '0'),
(14, 35, 1, 2, 200, 1, '2019-03-27 02:33:37', 1, '2019-03-27 06:33:37', NULL, '0'),
(15, 52, 1, 2, 600, 1, '2019-03-27 02:40:23', 1, '0000-00-00 00:00:00', 2019, '0'),
(16, 39, 1, 2, 200, 1, '2019-03-27 02:40:50', 1, '2019-03-27 06:40:50', NULL, '0'),
(17, 40, 1, 2, 200, 1, '2019-03-27 02:41:26', 1, '2019-03-27 06:41:26', NULL, '0'),
(18, 41, 1, 2, 200, 1, '2019-03-27 02:43:01', 1, '2019-03-27 06:43:01', NULL, '0'),
(19, 57, 1, 2, 200, 1, '2019-03-27 02:47:00', 1, '2019-03-27 06:47:00', NULL, '0'),
(20, 58, 1, 2, 200, 1, '2019-03-27 02:48:53', 1, '2019-03-27 06:48:53', NULL, '0'),
(21, 60, 1, 5, 400, 1, '2019-03-27 06:56:57', 1, '0000-00-00 00:00:00', 2019, '0');

-- --------------------------------------------------------

--
-- Struktur dari tabel `inventory_log`
--

CREATE TABLE IF NOT EXISTS `inventory_log` (
  `log_id` int(11) NOT NULL AUTO_INCREMENT,
  `product_id` int(11) NOT NULL,
  `product_add_qty` int(11) NOT NULL,
  `inventory_id` int(11) NOT NULL,
  `insert_from` enum('1','2','3') NOT NULL COMMENT '1=inv, 2=tbh brg, 3=rturn brg',
  `branch_id` int(11) NOT NULL,
  `gudang_id` int(11) NOT NULL,
  `created_by` int(11) NOT NULL,
  `created_date` timestamp NOT NULL DEFAULT CURRENT_TIMESTAMP ON UPDATE CURRENT_TIMESTAMP,
  `status` enum('1','0') NOT NULL COMMENT '1=active, 0=inactive',
  PRIMARY KEY (`log_id`)
) ENGINE=InnoDB  DEFAULT CHARSET=latin1 AUTO_INCREMENT=26 ;

--
-- Dumping data untuk tabel `inventory_log`
--

INSERT INTO `inventory_log` (`log_id`, `product_id`, `product_add_qty`, `inventory_id`, `insert_from`, `branch_id`, `gudang_id`, `created_by`, `created_date`, `status`) VALUES
(1, 1, 10, 1, '1', 1, 1, 1, '2019-03-27 01:30:12', '0'),
(2, 1, 200, 2, '1', 1, 2, 1, '2019-03-27 04:33:19', '1'),
(3, 2, 200, 3, '1', 1, 2, 1, '2019-03-27 04:33:39', '1'),
(4, 3, 200, 4, '1', 1, 2, 1, '2019-03-27 04:33:59', '1'),
(5, 6, 200, 5, '1', 1, 2, 1, '2019-03-27 04:34:14', '1'),
(6, 10, 200, 6, '1', 1, 2, 1, '2019-03-27 06:24:56', '1'),
(7, 11, 200, 7, '1', 1, 2, 1, '2019-03-27 06:25:28', '1'),
(8, 12, 200, 8, '1', 1, 2, 1, '2019-03-27 06:25:54', '1'),
(9, 17, 200, 9, '1', 1, 2, 1, '2019-03-27 06:28:11', '1'),
(10, 18, 200, 10, '1', 1, 2, 1, '2019-03-27 06:29:35', '1'),
(11, 19, 200, 11, '1', 1, 2, 1, '2019-03-27 06:30:25', '1'),
(12, 21, 200, 12, '1', 1, 2, 1, '2019-03-27 06:32:11', '1'),
(13, 26, 200, 13, '1', 1, 2, 1, '2019-03-27 06:33:07', '1'),
(14, 35, 200, 14, '1', 1, 2, 1, '2019-03-27 06:33:37', '1'),
(15, 52, 200, 15, '1', 1, 2, 1, '2019-03-27 06:40:23', '1'),
(16, 39, 200, 16, '1', 1, 2, 1, '2019-03-27 06:40:50', '1'),
(17, 40, 200, 17, '1', 1, 2, 1, '2019-03-27 06:41:26', '1'),
(18, 41, 200, 18, '1', 1, 2, 1, '2019-03-27 06:43:01', '1'),
(19, 52, 200, 15, '1', 1, 2, 1, '2019-03-27 06:43:33', '1'),
(20, 52, 200, 15, '1', 1, 2, 1, '2019-03-27 06:46:26', '1'),
(21, 57, 200, 19, '1', 1, 2, 1, '2019-03-27 06:47:00', '1'),
(22, 58, 200, 20, '1', 1, 2, 1, '2019-03-27 06:48:53', '1'),
(23, 60, 100, 21, '1', 1, 5, 1, '2019-03-27 10:56:57', '1'),
(24, 60, 200, 21, '1', 1, 5, 1, '2019-03-27 11:01:57', '1'),
(25, 60, 100, 21, '1', 1, 5, 1, '2019-03-27 11:02:31', '1');

-- --------------------------------------------------------

--
-- Struktur dari tabel `inventory_stock`
--

CREATE TABLE IF NOT EXISTS `inventory_stock` (
  `inventory_stock_id` int(11) NOT NULL AUTO_INCREMENT,
  `stock` varchar(100) NOT NULL,
  `inventory_id` int(11) NOT NULL,
  `branch_id` int(11) NOT NULL,
  `gudang_id` int(11) NOT NULL,
  `product_id` int(11) NOT NULL,
  `product_aroma_id` int(11) NOT NULL,
  `update_date` timestamp NOT NULL DEFAULT CURRENT_TIMESTAMP ON UPDATE CURRENT_TIMESTAMP,
  `update_by` int(11) NOT NULL,
  `deleted` enum('0','1') NOT NULL,
  PRIMARY KEY (`inventory_stock_id`)
) ENGINE=InnoDB  DEFAULT CHARSET=latin1 AUTO_INCREMENT=24 ;

--
-- Dumping data untuk tabel `inventory_stock`
--

INSERT INTO `inventory_stock` (`inventory_stock_id`, `stock`, `inventory_id`, `branch_id`, `gudang_id`, `product_id`, `product_aroma_id`, `update_date`, `update_by`, `deleted`) VALUES
(1, '10', 1, 1, 1, 1, 0, '2019-03-27 01:30:12', 1, '1'),
(2, '200', 2, 1, 2, 1, 0, '2019-03-27 04:33:19', 1, '0'),
(3, '200', 3, 1, 2, 2, 0, '2019-03-27 04:33:39', 1, '0'),
(4, '200', 4, 1, 2, 3, 0, '2019-03-27 04:33:59', 1, '0'),
(5, '200', 5, 1, 2, 6, 0, '2019-03-27 04:34:14', 1, '0'),
(6, '200', 6, 1, 2, 10, 0, '2019-03-27 06:24:56', 1, '0'),
(7, '200', 7, 1, 2, 11, 0, '2019-03-27 06:25:28', 1, '0'),
(8, '200', 8, 1, 2, 12, 0, '2019-03-27 06:25:54', 1, '0'),
(9, '200', 9, 1, 2, 17, 0, '2019-03-27 06:28:11', 1, '0'),
(10, '200', 10, 1, 2, 18, 0, '2019-03-27 06:29:35', 1, '0'),
(11, '200', 11, 1, 2, 19, 0, '2019-03-27 06:30:25', 1, '0'),
(12, '200', 12, 1, 2, 21, 0, '2019-03-27 06:32:11', 1, '0'),
(13, '200', 13, 1, 2, 26, 0, '2019-03-27 06:33:07', 1, '0'),
(14, '200', 14, 1, 2, 35, 0, '2019-03-27 06:33:37', 1, '0'),
(15, '600', 15, 1, 2, 52, 0, '2019-03-27 06:46:26', 1, '0'),
(16, '200', 16, 1, 2, 39, 0, '2019-03-27 06:40:50', 1, '0'),
(17, '200', 17, 1, 2, 40, 0, '2019-03-27 06:41:26', 1, '0'),
(18, '200', 18, 1, 2, 41, 0, '2019-03-27 06:43:01', 1, '0'),
(19, '200', 19, 1, 2, 57, 0, '2019-03-27 06:47:00', 1, '0'),
(20, '200', 20, 1, 2, 58, 0, '2019-03-27 06:48:53', 1, '0'),
(21, '100', 21, 1, 5, 60, 2, '2019-03-27 10:56:57', 1, '0'),
(22, '200', 21, 1, 5, 60, 3, '2019-03-27 11:01:57', 1, '0'),
(23, '100', 21, 1, 5, 60, 4, '2019-03-27 11:02:31', 1, '0');

-- --------------------------------------------------------

--
-- Struktur dari tabel `log_return`
--

CREATE TABLE IF NOT EXISTS `log_return` (
  `return_id` int(11) NOT NULL AUTO_INCREMENT,
  `rts_number` int(11) NOT NULL,
  `return_from` enum('1','2') NOT NULL COMMENT '1= complaint, 2=termination',
  `product_id` int(11) NOT NULL,
  `product_qty` int(11) NOT NULL,
  `contract_schedule_id` int(11) NOT NULL,
  `contract_schedule_detail_id` int(11) NOT NULL,
  `contract_id` int(11) NOT NULL,
  `created_date` timestamp NOT NULL DEFAULT CURRENT_TIMESTAMP ON UPDATE CURRENT_TIMESTAMP,
  `created_by` int(11) NOT NULL,
  `deleted` enum('0','1') NOT NULL,
  PRIMARY KEY (`return_id`)
) ENGINE=InnoDB DEFAULT CHARSET=latin1 AUTO_INCREMENT=1 ;

-- --------------------------------------------------------

--
-- Struktur dari tabel `log_return_package`
--

CREATE TABLE IF NOT EXISTS `log_return_package` (
  `return_package_id` int(11) NOT NULL AUTO_INCREMENT,
  `contract_schedule_id` int(11) NOT NULL,
  `contract_id` int(11) NOT NULL,
  `product_id` int(11) NOT NULL,
  `product_qty` int(11) NOT NULL,
  `created_date` timestamp NOT NULL DEFAULT CURRENT_TIMESTAMP ON UPDATE CURRENT_TIMESTAMP,
  `created_by` int(11) NOT NULL,
  PRIMARY KEY (`return_package_id`)
) ENGINE=InnoDB DEFAULT CHARSET=latin1 AUTO_INCREMENT=1 ;

-- --------------------------------------------------------

--
-- Struktur dari tabel `log_termination`
--

CREATE TABLE IF NOT EXISTS `log_termination` (
  `termination_id` int(11) NOT NULL AUTO_INCREMENT,
  `termination_date` date NOT NULL,
  `contract_id` int(11) NOT NULL,
  `contract_schedule_id` int(11) NOT NULL,
  `lost_status` enum('1','2') NOT NULL COMMENT '1=no, 2=yes',
  `lost_qty` int(11) NOT NULL,
  `product_id` int(11) NOT NULL,
  `created_date` timestamp NOT NULL DEFAULT CURRENT_TIMESTAMP ON UPDATE CURRENT_TIMESTAMP,
  `created_by` int(11) NOT NULL,
  `deleted` enum('0','1') NOT NULL,
  PRIMARY KEY (`termination_id`)
) ENGINE=InnoDB DEFAULT CHARSET=latin1 AUTO_INCREMENT=1 ;

-- --------------------------------------------------------

--
-- Struktur dari tabel `menu`
--

CREATE TABLE IF NOT EXISTS `menu` (
  `menu_id` int(5) NOT NULL AUTO_INCREMENT,
  `group_menu_id` int(5) NOT NULL,
  `menu_name` text NOT NULL,
  `menu_desc` text NOT NULL,
  `menu_url` text NOT NULL,
  `list` int(5) NOT NULL,
  `created_date` datetime NOT NULL,
  `created_by` int(5) NOT NULL,
  `updated_date` timestamp NOT NULL DEFAULT CURRENT_TIMESTAMP ON UPDATE CURRENT_TIMESTAMP,
  `updated_by` int(5) NOT NULL,
  `deleted` enum('0','1') NOT NULL DEFAULT '0',
  PRIMARY KEY (`menu_id`)
) ENGINE=MyISAM  DEFAULT CHARSET=latin1 AUTO_INCREMENT=30 ;

--
-- Dumping data untuk tabel `menu`
--

INSERT INTO `menu` (`menu_id`, `group_menu_id`, `menu_name`, `menu_desc`, `menu_url`, `list`, `created_date`, `created_by`, `updated_date`, `updated_by`, `deleted`) VALUES
(1, 1, 'User List', 'none', 'admin_user', 0, '0000-00-00 00:00:00', 0, '2018-10-12 06:25:17', 0, '0'),
(2, 1, 'Log Activity', 'none', 'admin_user_log', 0, '0000-00-00 00:00:00', 0, '2018-10-12 06:27:11', 0, '0'),
(3, 2, 'Privileges', 'none', 'admin_privileges', 0, '0000-00-00 00:00:00', 0, '2018-10-12 06:31:52', 0, '0'),
(4, 3, 'Product Master', 'none', 'product_master', 0, '0000-00-00 00:00:00', 0, '2018-10-12 15:44:04', 0, '0'),
(5, 3, 'Product Category', 'none', 'product_category', 0, '0000-00-00 00:00:00', 0, '2018-10-12 16:43:33', 0, '0'),
(6, 3, 'Product Aroma', 'none', 'product_aroma', 0, '0000-00-00 00:00:00', 0, '2018-10-12 15:43:33', 0, '0'),
(7, 3, 'Product Package', 'none', 'product_package', 0, '0000-00-00 00:00:00', 0, '2018-10-12 15:44:41', 0, '0'),
(8, 4, 'Branch Master', 'none', 'branch_master', 0, '0000-00-00 00:00:00', 0, '2018-10-12 15:47:18', 0, '0'),
(9, 4, 'Gudang Master', 'none', 'gudang_master', 0, '0000-00-00 00:00:00', 0, '2018-10-12 15:48:12', 0, '0'),
(10, 5, 'Inventory Master', 'none', 'inventory_master', 0, '0000-00-00 00:00:00', 0, '2018-10-12 15:51:23', 0, '0'),
(11, 5, 'Tambah Barang', 'none', 'tambah_barang', 0, '0000-00-00 00:00:00', 0, '2018-10-12 15:52:16', 0, '0'),
(12, 5, 'Ambil Barang', 'none', 'ambil_barang', 0, '0000-00-00 00:00:00', 0, '2018-10-12 15:52:57', 0, '0'),
(13, 5, 'Return Barang', 'none', 'return_barang', 0, '0000-00-00 00:00:00', 0, '2018-10-19 14:13:32', 0, '0'),
(14, 6, 'Customer Master', 'none', 'customer_master', 0, '0000-00-00 00:00:00', 0, '2018-10-12 15:55:38', 0, '0'),
(15, 6, 'Customer Address', 'none', 'customer_address', 0, '0000-00-00 00:00:00', 0, '2018-10-12 15:56:11', 0, '0'),
(16, 1, 'Teknisi / Operator', 'none', 'teknisi_master', 0, '0000-00-00 00:00:00', 0, '2018-10-13 06:57:05', 0, '0'),
(17, 7, 'Contract Master', 'none', 'contract_master', 0, '0000-00-00 00:00:00', 0, '2018-10-12 16:03:48', 0, '0'),
(18, 7, 'Special Request', 'none', 'contract_request', 0, '0000-00-00 00:00:00', 0, '2018-10-12 16:04:25', 0, '0'),
(19, 7, 'Contract Complaint', 'none', 'contract_complaint', 0, '0000-00-00 00:00:00', 0, '2018-10-19 04:24:11', 0, '0'),
(20, 7, 'Contract Termination', 'none', 'contract_termination', 0, '0000-00-00 00:00:00', 0, '2018-10-12 16:06:12', 0, '0'),
(21, 7, 'Product Lost', 'none', 'contract_lost', 0, '0000-00-00 00:00:00', 0, '2018-10-12 16:07:48', 0, '0'),
(22, 8, 'Schedule Master', 'none', 'schedule_master', 0, '0000-00-00 00:00:00', 0, '2018-10-12 16:11:51', 0, '0'),
(23, 8, 'Schedule Service', 'none', 'schedule_service', 0, '0000-00-00 00:00:00', 0, '2018-10-21 19:13:40', 0, '1'),
(24, 8, 'Summary MR/UR', 'none', 'schedule_mrur', 0, '0000-00-00 00:00:00', 0, '2018-10-12 16:15:24', 0, '0'),
(25, 9, 'Calendar List', 'none', 'calendar_master', 0, '0000-00-00 00:00:00', 0, '2018-10-12 16:17:55', 0, '0'),
(26, 10, 'Install History', 'none', 'history_install', 0, '0000-00-00 00:00:00', 0, '2018-10-12 16:20:43', 0, '0'),
(27, 10, 'Service History', 'none', 'history_service', 0, '0000-00-00 00:00:00', 0, '2018-10-12 16:21:14', 0, '0'),
(28, 10, 'Technician History', 'none', 'history_technician', 0, '0000-00-00 00:00:00', 0, '2018-10-12 16:21:37', 0, '0'),
(29, 10, 'Inventory History', 'none', 'history_inventory', 0, '0000-00-00 00:00:00', 0, '2018-10-13 14:58:32', 0, '0');

-- --------------------------------------------------------

--
-- Struktur dari tabel `menu_privileges`
--

CREATE TABLE IF NOT EXISTS `menu_privileges` (
  `menu_privileges` int(5) NOT NULL AUTO_INCREMENT,
  `menu_id` int(5) NOT NULL,
  `menu_view` enum('0','1') NOT NULL,
  `menu_add` enum('0','1') NOT NULL,
  `menu_edit` enum('0','1') NOT NULL,
  `menu_delete` enum('0','1') NOT NULL,
  `menu_other` enum('0','1') DEFAULT NULL,
  `created_date` datetime NOT NULL,
  `created_by` int(5) NOT NULL,
  `updated_date` timestamp NOT NULL DEFAULT CURRENT_TIMESTAMP ON UPDATE CURRENT_TIMESTAMP,
  `updated_by` int(11) NOT NULL,
  `deleted` enum('0','1') NOT NULL DEFAULT '0',
  PRIMARY KEY (`menu_privileges`)
) ENGINE=MyISAM  DEFAULT CHARSET=latin1 AUTO_INCREMENT=30 ;

--
-- Dumping data untuk tabel `menu_privileges`
--

INSERT INTO `menu_privileges` (`menu_privileges`, `menu_id`, `menu_view`, `menu_add`, `menu_edit`, `menu_delete`, `menu_other`, `created_date`, `created_by`, `updated_date`, `updated_by`, `deleted`) VALUES
(1, 1, '1', '1', '1', '1', '1', '0000-00-00 00:00:00', 0, '2018-10-22 04:10:45', 0, '0'),
(2, 2, '1', '1', '1', '1', '1', '0000-00-00 00:00:00', 0, '2018-10-12 06:27:11', 0, '0'),
(3, 3, '1', '1', '1', '1', '1', '0000-00-00 00:00:00', 0, '2018-10-12 06:31:52', 0, '0'),
(4, 4, '1', '1', '1', '1', '1', '0000-00-00 00:00:00', 0, '2018-10-12 15:41:27', 0, '0'),
(5, 5, '1', '1', '1', '1', '1', '0000-00-00 00:00:00', 0, '2018-11-16 08:51:34', 0, '0'),
(6, 6, '1', '1', '1', '1', '1', '0000-00-00 00:00:00', 0, '2018-10-12 15:43:33', 0, '0'),
(7, 7, '1', '1', '1', '1', '1', '0000-00-00 00:00:00', 0, '2018-10-12 15:44:41', 0, '0'),
(8, 8, '1', '1', '1', '1', '1', '0000-00-00 00:00:00', 0, '2018-10-12 15:47:18', 0, '0'),
(9, 9, '1', '1', '1', '1', '1', '0000-00-00 00:00:00', 0, '2018-10-12 15:48:12', 0, '0'),
(10, 10, '1', '1', '1', '1', '1', '0000-00-00 00:00:00', 0, '2018-10-12 15:51:23', 0, '0'),
(11, 11, '1', '1', '1', '1', '1', '0000-00-00 00:00:00', 0, '2018-10-12 15:52:16', 0, '0'),
(12, 12, '1', '1', '1', '1', '1', '0000-00-00 00:00:00', 0, '2018-10-12 15:52:57', 0, '0'),
(13, 13, '1', '1', '1', '1', '1', '0000-00-00 00:00:00', 0, '2018-10-12 15:53:41', 0, '0'),
(14, 14, '1', '1', '1', '1', '1', '0000-00-00 00:00:00', 0, '2018-10-12 15:55:38', 0, '0'),
(15, 15, '1', '1', '1', '1', '1', '0000-00-00 00:00:00', 0, '2018-10-12 15:56:11', 0, '0'),
(16, 16, '1', '1', '1', '1', '1', '0000-00-00 00:00:00', 0, '2018-10-12 16:00:10', 0, '0'),
(17, 17, '1', '1', '1', '1', '1', '0000-00-00 00:00:00', 0, '2018-10-12 16:03:48', 0, '0'),
(18, 18, '1', '1', '1', '1', '1', '0000-00-00 00:00:00', 0, '2018-10-12 16:04:25', 0, '0'),
(19, 19, '1', '1', '1', '1', '1', '0000-00-00 00:00:00', 0, '2018-10-12 16:05:18', 0, '0'),
(20, 20, '1', '1', '1', '1', '1', '0000-00-00 00:00:00', 0, '2018-10-12 16:06:12', 0, '0'),
(21, 21, '1', '1', '1', '1', '1', '0000-00-00 00:00:00', 0, '2018-10-12 16:07:48', 0, '0'),
(22, 22, '1', '1', '1', '1', '1', '0000-00-00 00:00:00', 0, '2018-10-12 16:11:51', 0, '0'),
(23, 23, '1', '1', '1', '1', '1', '0000-00-00 00:00:00', 0, '2018-10-12 16:13:35', 0, '0'),
(24, 24, '1', '1', '1', '1', '1', '0000-00-00 00:00:00', 0, '2018-10-12 16:15:24', 0, '0'),
(25, 25, '1', '1', '1', '1', '1', '0000-00-00 00:00:00', 0, '2018-10-12 16:17:55', 0, '0'),
(26, 26, '1', '0', '0', '0', '0', '0000-00-00 00:00:00', 0, '2018-10-12 16:20:43', 0, '0'),
(27, 27, '1', '0', '0', '0', '0', '0000-00-00 00:00:00', 0, '2018-10-12 16:21:14', 0, '0'),
(28, 28, '1', '0', '0', '0', '0', '0000-00-00 00:00:00', 0, '2018-10-12 16:21:37', 0, '0'),
(29, 29, '1', '0', '0', '0', '0', '0000-00-00 00:00:00', 0, '2018-10-13 14:58:32', 0, '0');

-- --------------------------------------------------------

--
-- Struktur dari tabel `product_aroma`
--

CREATE TABLE IF NOT EXISTS `product_aroma` (
  `product_aroma_id` int(11) NOT NULL AUTO_INCREMENT,
  `product_id` int(11) NOT NULL,
  `product_aroma_name` varchar(100) NOT NULL,
  `created_date` datetime NOT NULL,
  `created_by` int(11) NOT NULL,
  `deleted` enum('0','1') NOT NULL DEFAULT '0',
  PRIMARY KEY (`product_aroma_id`)
) ENGINE=InnoDB  DEFAULT CHARSET=latin1 AUTO_INCREMENT=129 ;

--
-- Dumping data untuk tabel `product_aroma`
--

INSERT INTO `product_aroma` (`product_aroma_id`, `product_id`, `product_aroma_name`, `created_date`, `created_by`, `deleted`) VALUES
(1, 60, 'AEROSOL LAVENDER ESS OILS 3000 ', '2019-02-25 19:45:13', 1, '0'),
(2, 60, 'AEROSOL GRAPE 3000', '2019-02-25 19:45:34', 1, '0'),
(3, 60, 'AEROSOL JASMINE 3000', '2019-02-25 19:45:50', 1, '0'),
(4, 60, 'AEROSOL STRAWBERRY 3000', '2019-02-26 10:44:59', 1, '0'),
(5, 60, 'AEROSOL GREEN APPLE 3000', '2019-02-26 10:44:51', 1, '0'),
(6, 60, 'AEROSOL LEMON NM 3000', '2019-02-26 10:44:42', 1, '0'),
(7, 60, 'AEROSOL CITRUS ESS OILS 3000', '2019-02-26 10:45:13', 1, '0'),
(8, 60, 'AEROSOL FRESH ROMANCE ESS OILS 3000', '2019-02-26 10:45:24', 1, '0'),
(9, 60, 'AEROSOL FRESH ROMANCE NON ESS OILS 3000', '2019-02-26 10:45:38', 1, '0'),
(10, 60, 'AEROSOL INSECT KILLER ', '2019-02-26 10:45:46', 1, '0'),
(11, 60, 'AEROSOL ENERGY 3000', '2019-02-26 10:46:24', 1, '0'),
(12, 60, 'AEROSOL VANILA BOUQUET ESS OILS 3000', '2019-02-26 10:46:48', 1, '0'),
(13, 60, 'AEROSOL CITRUS NON ESS OILS 3000', '2019-02-26 10:46:59', 1, '0'),
(14, 60, 'AEROSOL BLUE WISH 3000', '2019-02-26 10:47:10', 1, '0'),
(15, 60, 'AEROSOL COFFEE 3000', '2019-02-26 10:47:21', 1, '0'),
(16, 60, 'AEROSOL GREEN TEA 3000', '2019-02-26 10:47:31', 1, '0'),
(17, 60, 'AEROSOL FRESSEY  3000', '2019-02-26 11:07:30', 1, '0'),
(18, 60, 'AEROSOL COOL FRESH 3000', '2019-02-26 11:07:42', 1, '0'),
(19, 60, 'AEROSOL SUPER FRUITS 3000', '2019-02-26 11:07:56', 1, '0'),
(20, 60, 'AEROSOL COOL WINTER', '2019-02-26 11:08:22', 1, '0'),
(21, 60, 'AEROSOL COOL WINTER 3000', '2019-02-26 11:09:13', 1, '0'),
(22, 60, 'AEROSOL FRANGIPANI 3000', '2019-02-26 11:09:31', 1, '0'),
(23, 60, 'AEROSOL DOUBLE KIWI', '2019-02-26 11:09:54', 1, '0'),
(24, 60, 'AEROSOL LEMON LIME 3000', '2019-02-26 11:10:39', 1, '0'),
(25, 60, 'AEROSOL LEMON SODA', '2019-02-26 11:10:57', 1, '0'),
(26, 60, 'AEROSOL HAVANA 3000', '2019-02-26 11:11:39', 1, '0'),
(27, 60, 'AEROSOL ORANGE 3000', '2019-02-26 11:12:11', 1, '0'),
(28, 60, 'AEROSOL GIOVANI 3000', '2019-02-26 11:12:27', 1, '0'),
(29, 60, 'AEROSOL GREEN 3000', '2019-02-26 11:12:38', 1, '0'),
(30, 60, 'AEROSOL VERRA 3000', '2019-02-26 11:13:15', 1, '0'),
(31, 60, 'AEROSOL MOON LIGHT 3000', '2019-02-26 11:13:37', 1, '0'),
(32, 60, 'AEROSOL TWIST MELON 3000', '2019-02-26 11:13:47', 1, '0'),
(33, 60, 'AEROSOL LAVENDER 3000', '2019-02-26 11:13:57', 1, '0'),
(34, 60, 'AEROSOL MORNING CITRUS 3000', '2019-02-26 11:14:07', 1, '0'),
(35, 60, 'AEROSOL NEW MUSK 3000', '2019-02-26 11:14:17', 1, '0'),
(36, 60, 'AEROSOL GREEN TEA ESS OILS 3000', '2019-02-26 11:14:29', 1, '0'),
(37, 60, 'AEROSOL LEMON NM ESS OILS 3000', '2019-02-26 11:14:39', 1, '0'),
(38, 60, 'AEROSOL ROMANCE SALSA 3000', '2019-02-26 11:15:07', 1, '0'),
(39, 60, 'AEROSOL LAVENDER ESS OILS  6000', '2019-02-26 11:16:00', 1, '0'),
(40, 60, 'AEROSOL GRAPE 6000', '2019-02-26 11:16:13', 1, '0'),
(41, 60, 'AEROSOL JASMINE  6000', '2019-02-26 11:16:26', 1, '0'),
(42, 60, 'AEROSOL STRAWBERRY 6000', '2019-02-26 11:16:39', 1, '0'),
(43, 60, 'AEROSOL GREEN APPLE 6000', '2019-02-26 11:16:50', 1, '0'),
(44, 60, 'AEROSOL LEMON NM 6000', '2019-02-26 11:17:00', 1, '0'),
(45, 60, 'AEROSOL CITRUS ESS OILS  6000', '2019-02-26 11:18:31', 1, '0'),
(46, 60, 'AEROSOL FRESH ROMANCE ESS OILS  6000', '2019-02-26 11:18:43', 1, '0'),
(47, 60, 'AEROSOL LEMON ESS OILS 6000', '2019-02-26 11:18:53', 1, '0'),
(48, 60, 'AEROSOL FUN EXOTIC 6000', '2019-02-26 11:19:07', 1, '0'),
(49, 60, 'AEROSOL LEMON LIME  6000', '2019-02-26 11:19:17', 1, '0'),
(50, 60, 'AEROSOL ENERGY 6000', '2019-02-26 11:19:28', 1, '0'),
(51, 60, 'AEROSOL LAVENDER 6000', '2019-02-26 11:19:39', 1, '0'),
(52, 60, 'AEROSOL HAVANA 6000', '2019-02-26 11:19:49', 1, '0'),
(53, 60, 'AEROSOL FRESSEY 6000', '2019-02-26 11:20:00', 1, '0'),
(54, 60, 'AEROSOL FRANGIPANI 6000', '2019-02-26 11:20:13', 1, '0'),
(55, 60, 'AEROSOL GREEN TEA 6000', '2019-02-26 11:20:24', 1, '0'),
(56, 60, 'AEROSOL BLUE WISH 6000', '2019-02-26 11:20:34', 1, '0'),
(57, 60, 'AEROSOL VERRA  6000', '2019-02-26 11:20:48', 1, '0'),
(58, 60, 'AEROSOL VIOLET 6000', '2019-02-26 11:21:05', 1, '0'),
(59, 60, 'AEROSOL ESCAPE 6000', '2019-02-26 11:21:16', 1, '0'),
(60, 60, 'AEROSOL KILIMANJARO 6000', '2019-02-26 11:21:27', 1, '0'),
(61, 60, 'AEROSOL ENERGY MINI ', '2019-02-26 11:22:32', 1, '0'),
(62, 60, 'AEROSOL PACIFIC MINI ', '2019-02-26 11:22:40', 1, '0'),
(63, 60, 'AEROSOL VANILA BOUQUET MINI ', '2019-02-26 11:22:47', 1, '0'),
(64, 60, 'AEROSOL VERDI MINI', '2019-02-26 11:23:03', 1, '0'),
(65, 60, 'AEROSOL AFTER TOBACCO MINI', '2019-02-26 11:24:18', 1, '0'),
(66, 61, 'PERFUME SUPERFRUIT 40', '2019-02-26 11:24:51', 1, '0'),
(67, 61, 'PERFUME MELON 40', '2019-02-26 11:25:04', 1, '0'),
(68, 61, 'PERFUME LEMON PRECIOUS 40', '2019-02-26 12:01:37', 1, '0'),
(69, 61, 'PERFUME VIOLETTA  40', '2019-02-26 12:02:00', 1, '0'),
(70, 61, 'PERFUME JASMINE  40', '2019-02-26 12:02:13', 1, '0'),
(71, 61, 'PERFUME MIX FRUITS  40', '2019-02-26 12:02:25', 1, '0'),
(72, 61, 'PERFUME BERRY GIVE 40', '2019-02-26 12:02:38', 1, '0'),
(73, 61, 'PERFUME GUAVA 40', '2019-02-26 12:02:50', 1, '0'),
(74, 61, 'PERFUME  CHERRY BLACK 40', '2019-02-26 12:03:05', 1, '0'),
(75, 61, 'PERFUME  BLUE AQUA AF 40', '2019-02-26 12:03:18', 1, '0'),
(76, 61, 'PERFUME  BERRY AF 40', '2019-02-26 12:03:33', 1, '0'),
(77, 61, 'PERFUME  COOL WINTER 40', '2019-02-26 12:03:47', 1, '0'),
(78, 61, 'PERFUME  CHOCOLATE 40', '2019-02-26 12:04:06', 1, '0'),
(79, 61, 'PERFUME AQUA 40', '2019-02-26 12:04:18', 1, '0'),
(80, 61, 'PERFUME FRESH OCEAN 40', '2019-02-26 12:04:30', 1, '0'),
(81, 61, 'PERFUME SUPERFRUIT 30', '2019-02-26 12:05:00', 1, '0'),
(82, 61, 'PERFUME MELON  30', '2019-02-26 12:05:11', 1, '0'),
(83, 61, 'PERFUME LEMON PRECIOUS 30', '2019-02-26 12:05:21', 1, '0'),
(84, 61, 'PERFUME VIOLETTA 30', '2019-02-26 12:05:32', 1, '0'),
(85, 61, 'PERFUME JASMINE 30', '2019-02-26 12:05:43', 1, '0'),
(86, 61, 'PERFUME COOL WINTER 30', '2019-02-26 12:05:55', 1, '0'),
(87, 62, 'WB. FRESH LAVENDER', '2019-02-26 12:08:12', 1, '0'),
(88, 62, 'WB. GREEN KIWI ', '2019-02-26 12:08:22', 1, '0'),
(89, 62, 'WB. SPARKLING LEMON ', '2019-02-26 12:08:33', 1, '0'),
(90, 62, 'WB SPARKLING LEMON ', '2019-02-26 12:09:15', 1, '0'),
(91, 62, 'WB. GREEN TEA ', '2019-02-26 12:09:26', 1, '0'),
(92, 62, 'WB. CITRUS', '2019-02-26 12:09:37', 1, '0'),
(93, 63, 'SOAP APPLE  ', '2019-02-26 12:10:33', 1, '0'),
(94, 63, 'SOAP LEMON  ', '2019-02-26 12:10:47', 1, '0'),
(95, 63, 'SOAP LUX WHITE ', '2019-02-26 12:11:00', 1, '0'),
(96, 63, 'SOAP LUX PINK ', '2019-02-26 12:11:13', 1, '0'),
(97, 63, 'SOAP 3 IN 1 WHITE ', '2019-02-26 12:11:28', 1, '0'),
(98, 63, 'SOAP STRAWBERRY', '2019-02-26 12:11:58', 1, '0'),
(99, 63, 'SOAP NON PARFUM ', '2019-02-26 12:12:28', 1, '0'),
(100, 63, 'HANDSOAP OIL', '2019-02-26 12:12:48', 1, '0'),
(101, 63, 'FOAM SOAP  ', '2019-02-26 12:13:02', 1, '0'),
(102, 63, 'SOAP ANTI BACTERIAL', '2019-02-26 12:13:17', 1, '0'),
(103, 63, 'SOAP GRAPE', '2019-02-26 12:13:30', 1, '0'),
(104, 64, 'SHAMPOO APPLE ', '2019-02-26 12:13:57', 1, '0'),
(105, 64, 'SHAMPOO LEMON ', '2019-02-26 12:14:10', 1, '0'),
(106, 64, 'SHAMPOO STRAWBERRY ', '2019-02-26 12:14:20', 1, '0'),
(107, 65, 'HAND SANITIZER  ', '2019-02-26 12:14:33', 1, '0'),
(108, 65, 'SANITIZER V5 ', '2019-02-26 12:22:19', 1, '0'),
(109, 65, 'SANITIZER V5 CLEAR  REFILL', '2019-02-26 12:22:33', 1, '0'),
(110, 65, 'HAND SANITEZER GEL ', '2019-02-26 12:22:44', 1, '0'),
(111, 65, 'HAND SANITEZER NON PARFUME ', '2019-02-26 12:22:57', 1, '0'),
(112, 65, 'HAND SANITEZER "GEL" NON PARFUME ', '2019-02-26 12:23:09', 1, '0'),
(113, 65, 'SANITIZER C2 (EDST)', '2019-02-26 12:23:55', 1, '0'),
(114, 66, 'SANITACT ', '2019-02-26 12:24:15', 1, '0'),
(115, 67, 'QC ', '2019-02-26 12:24:49', 1, '0'),
(116, 67, 'QC EDS', '2019-02-26 12:25:02', 1, '0'),
(117, 68, 'BATERAI 1,5 V (AA)', '2019-02-26 12:25:46', 1, '0'),
(118, 68, 'BATERAI 1,5 V (C)', '2019-02-26 12:25:59', 1, '0'),
(119, 68, 'BATERAI 1,5 V (D)', '2019-02-26 12:26:25', 1, '0'),
(120, 68, 'BATERAI LITHIUM SILVER', '2019-02-26 12:26:38', 1, '0'),
(121, 69, 'TISSUE BATHROOM JUMBO SENSOR', '2019-02-26 12:28:17', 1, '0'),
(122, 69, 'TISSUE JUMBO ROLL ', '2019-02-26 12:28:29', 1, '0'),
(123, 69, 'TISSUE MULTIFOLD TISSUE', '2019-02-26 12:28:44', 1, '0'),
(124, 69, 'TISSUE SINGLE ROLL ', '2019-02-26 12:28:56', 1, '0'),
(125, 69, 'PLENTY HRT', '2019-02-26 12:29:42', 1, '0'),
(126, 70, 'EMANATOR LARGE ', '2019-02-26 12:30:18', 1, '0'),
(127, 70, 'EMANATOR PAD', '2019-02-26 12:30:29', 1, '0'),
(128, 70, 'EMANATOR TRAY', '2019-02-26 12:30:40', 1, '0');

-- --------------------------------------------------------

--
-- Struktur dari tabel `product_category`
--

CREATE TABLE IF NOT EXISTS `product_category` (
  `category_id` int(11) NOT NULL AUTO_INCREMENT,
  `category_name` varchar(100) DEFAULT NULL,
  `category_desc` text,
  `updated_date` timestamp NOT NULL DEFAULT CURRENT_TIMESTAMP ON UPDATE CURRENT_TIMESTAMP,
  `updated_by` varchar(11) DEFAULT NULL,
  `deleted` enum('0','1') DEFAULT '0',
  PRIMARY KEY (`category_id`)
) ENGINE=InnoDB  DEFAULT CHARSET=latin1 AUTO_INCREMENT=3 ;

--
-- Dumping data untuk tabel `product_category`
--

INSERT INTO `product_category` (`category_id`, `category_name`, `category_desc`, `updated_date`, `updated_by`, `deleted`) VALUES
(1, 'UNIT', 'all product without aroma', '2019-02-22 05:47:19', NULL, '0'),
(2, 'MATERIAL', 'product with aroma, but not all product', '2019-02-22 05:47:19', NULL, '0');

-- --------------------------------------------------------

--
-- Struktur dari tabel `product_master`
--

CREATE TABLE IF NOT EXISTS `product_master` (
  `product_id` int(11) NOT NULL AUTO_INCREMENT,
  `product_code` varchar(50) NOT NULL,
  `category_id` int(11) DEFAULT NULL,
  `aroma` enum('0','1') NOT NULL COMMENT '1= use aroma',
  `product_name` varchar(100) DEFAULT NULL,
  `product_image` text NOT NULL,
  `created_date` datetime DEFAULT NULL,
  `created_by` varchar(11) DEFAULT NULL,
  `updated_date` timestamp NOT NULL DEFAULT CURRENT_TIMESTAMP ON UPDATE CURRENT_TIMESTAMP,
  `updated_by` varchar(11) DEFAULT NULL,
  `deleted` enum('0','1') DEFAULT '0',
  PRIMARY KEY (`product_id`)
) ENGINE=InnoDB  DEFAULT CHARSET=latin1 AUTO_INCREMENT=80 ;

--
-- Dumping data untuk tabel `product_master`
--

INSERT INTO `product_master` (`product_id`, `product_code`, `category_id`, `aroma`, `product_name`, `product_image`, `created_date`, `created_by`, `updated_date`, `updated_by`, `deleted`) VALUES
(1, 'EST-001', 1, '0', 'ECO SANITIZER MS 600', '', '2019-02-24 23:23:18', '1', '2019-02-25 04:23:18', NULL, '0'),
(2, 'EST-002', 1, '0', 'ECO SANITIZER NEW', '', '2019-02-24 23:23:38', '1', '2019-02-25 04:23:38', NULL, '0'),
(3, 'EDST-001', 1, '0', 'ECO DIGITAL SANITIZER NEW', '', '2019-02-24 23:24:54', '1', '2019-02-25 04:24:54', NULL, '0'),
(4, 'EDST-002', 1, '0', 'ECO DIGITAL SANITIZER COAT PLATED', '', '2019-02-24 23:25:11', '1', '2019-02-25 04:25:11', NULL, '0'),
(5, 'EDST-003', 1, '0', 'ECO DIGITAL SANITIZER WHITE', '', '2019-02-24 23:42:56', '1', '2019-02-25 04:42:56', NULL, '0'),
(6, 'EAF-001', 1, '0', 'ECO AIR FRESHENER', '', '2019-02-24 23:43:22', '1', '2019-02-25 04:43:22', NULL, '0'),
(7, 'EAF-002', 1, '0', 'ECO AIR FRESHENER COAT PLATED', '', '2019-02-24 23:43:38', '1', '2019-02-25 04:43:38', NULL, '0'),
(8, 'EAF-003', 1, '0', 'ECO AIR FRESHENER AZ 1128', '', '2019-02-24 23:43:59', '1', '2019-02-25 04:43:59', NULL, '0'),
(9, 'EAF-004', 1, '0', 'ECOZONE', '', '2019-02-24 23:44:15', '1', '2019-02-25 04:44:15', NULL, '0'),
(10, 'LCD-001A', 1, '0', 'ECO AEROSOL LCD 6 CANS', '', '2019-02-24 23:49:54', '1', '2019-02-25 04:49:54', NULL, '0'),
(11, 'LCD-001B', 1, '0', 'ECO AEROSOL LCD 12 CANS', '', '2019-02-24 23:50:32', '1', '2019-02-25 04:50:32', NULL, '0'),
(12, 'LCD-002', 1, '0', 'ECO AEROSOL MICROBUS LCD', '', '2019-02-24 23:50:58', '1', '2019-02-25 04:50:58', NULL, '0'),
(13, 'LCD-003', 1, '0', 'ECO AEROSOL LCD AZ 570', '', '2019-02-24 23:54:26', '1', '2019-02-25 04:54:26', NULL, '0'),
(14, 'LCD-004', 1, '0', 'ECO AEROSOL LCD KENARI', '', '2019-02-24 23:54:43', '1', '2019-02-25 04:54:43', NULL, '0'),
(15, 'LCD-005', 1, '0', 'ECO AEROSOL LCD 330', '', '2019-02-24 23:54:58', '1', '2019-02-25 04:54:58', NULL, '0'),
(16, 'LCD-006', 1, '0', 'ECO AEROSOL LCD BIRU', '', '2019-02-24 23:55:15', '1', '2019-02-25 04:55:15', NULL, '0'),
(17, 'ESD-001', 1, '0', 'ECO SOAP DISPENSER 800 ', '', '2019-02-24 23:55:34', '1', '2019-02-25 04:55:34', NULL, '0'),
(18, 'ESD-002', 1, '0', 'ECO SOAP DISPENSER 1000 ', '', '2019-02-24 23:55:50', '1', '2019-02-25 04:55:50', NULL, '0'),
(19, 'ESD-003', 1, '0', 'ECO SMART SOAP', '', '2019-02-24 23:56:06', '1', '2019-02-25 04:56:06', NULL, '0'),
(20, 'ESD-004', 1, '0', 'ECO SOAP KENARI / TODINI', '', '2019-02-24 23:56:25', '1', '2019-02-25 04:56:25', NULL, '0'),
(21, 'ESD-005', 1, '0', 'ECO SOAP DISPENSER DIGITAL', '', '2019-02-24 23:56:50', '1', '2019-02-25 04:56:50', NULL, '0'),
(22, 'ESD-006', 1, '0', 'ECO SOAP DISPENSER CROM / SILVER', '', '2019-02-24 23:57:07', '1', '2019-02-25 04:57:07', NULL, '0'),
(23, 'ESD-007', 1, '0', 'ECO SOAP DISPENSER BLOSOM', '', '2019-02-24 23:57:33', '1', '2019-02-25 04:57:33', NULL, '0'),
(24, 'EWB-001', 1, '0', 'ECO WATER BASE 6 CANS', '', '2019-02-24 23:59:02', '1', '2019-03-01 08:02:49', '1', '0'),
(25, 'EHD-001', 1, '0', 'ECO HAND DRYER BLOSOM', '', '2019-02-24 23:59:18', '1', '2019-02-25 04:59:18', NULL, '0'),
(26, 'EHD-002', 1, '0', 'ECO HAND DRYER AZ', '', '2019-02-24 23:59:36', '1', '2019-02-25 04:59:36', NULL, '0'),
(27, 'EHD-003', 1, '0', 'ECO HAND DRYER DUAL AIR JET SPEED', '', '2019-02-24 23:59:55', '1', '2019-02-25 04:59:55', NULL, '0'),
(28, 'EHD-004', 1, '0', 'ECO HAND DRYER COFFEE MAKER', '', '2019-02-25 00:00:20', '1', '2019-02-25 05:00:20', NULL, '0'),
(29, 'EHD-005', 1, '0', 'ECO HAND DAILY ESSENTIAL JET SPEED', '', '2019-02-25 00:00:43', '1', '2019-02-25 05:00:43', NULL, '0'),
(30, 'EHD-006', 1, '0', 'ECO HAND DRYER OSTECH', '', '2019-02-25 00:00:55', '1', '2019-02-25 05:00:55', NULL, '0'),
(31, 'EHD-007', 1, '0', 'ECO HAND DRYER TKUSI', '', '2019-02-25 00:01:15', '1', '2019-02-25 05:01:15', NULL, '0'),
(32, 'EHD-008', 1, '0', 'ECO HAND DRYER SIEMENS', '', '2019-02-25 00:02:12', '1', '2019-02-25 05:02:12', NULL, '0'),
(33, 'EHD-009', 1, '0', 'ECO HAND DRYER MINI', '', '2019-02-25 00:02:26', '1', '2019-02-25 05:02:26', NULL, '0'),
(34, 'EHD-010', 1, '0', 'ECO HAND DRYER CELUB', '', '2019-02-25 00:02:43', '1', '2019-02-25 05:02:43', NULL, '0'),
(35, 'EDD-001', 1, '0', 'ECO DIGITAL DISPENSER NEW', '', '2019-02-25 00:03:09', '1', '2019-02-25 05:03:09', NULL, '0'),
(36, 'ESB-001', 1, '0', 'ECO SANITARY BIN', '', '2019-02-25 11:22:04', '1', '2019-02-25 16:22:04', NULL, '0'),
(37, 'ESB-002', 1, '0', 'ECO SANITARY BIN DIGITAL', '', '2019-02-25 11:22:39', '1', '2019-02-25 16:22:39', NULL, '0'),
(38, 'ESB-002', 2, '0', 'ECO SANITARY BIN DIGITAL', '', '2019-02-25 11:27:43', '1', '2019-02-25 23:53:01', NULL, '1'),
(39, 'ETS-001', 1, '0', 'ECO MULTIFOLD DISPENSER', '', '2019-02-25 18:53:52', '1', '2019-02-25 23:53:52', NULL, '0'),
(40, 'ETS-002', 1, '0', 'ECO TISSUE DISPENSER', '', '2019-02-25 18:54:10', '1', '2019-02-25 23:54:10', NULL, '0'),
(41, 'ETS-003', 1, '0', 'ECO TISSUE DISPENSER DIGITAL', '', '2019-02-25 18:57:02', '1', '2019-02-25 23:57:02', NULL, '0'),
(42, 'ETS-004', 1, '0', 'ECO HAND TOWEL', '', '2019-02-25 18:57:41', '1', '2019-02-25 23:57:41', NULL, '0'),
(43, 'ETS-005', 1, '0', 'ECO MULTIFOLD BLUE MINI', '', '2019-02-25 18:58:10', '1', '2019-02-25 23:58:10', NULL, '0'),
(44, 'EDM-001', 1, '0', 'EDM 60X90 ', '', '2019-02-25 19:06:43', '1', '2019-02-26 00:06:43', NULL, '0'),
(45, 'EDM-002', 1, '0', 'EDM 90X150 ', '', '2019-02-25 19:07:01', '1', '2019-02-26 00:07:01', NULL, '0'),
(46, 'EDM-003', 1, '0', 'EDM 120X180 ', '', '2019-02-25 19:07:21', '1', '2019-02-26 00:07:21', NULL, '0'),
(47, 'EDM-004', 1, '0', 'EDM 120X240 ', '', '2019-02-25 19:07:38', '1', '2019-02-26 00:07:38', NULL, '0'),
(48, 'EDM-005', 1, '0', 'EDM 100x300 Green', '', '2019-02-25 19:07:57', '1', '2019-02-26 00:07:57', NULL, '0'),
(49, 'FT-001', 1, '0', 'FALL THRU RED UNBACKED ED 11MM', '', '2019-02-25 19:08:21', '1', '2019-02-26 00:08:21', NULL, '0'),
(50, 'FT-002', 1, '0', 'FALL THRU BURGUNDY BACKED LM 12MM', '', '2019-02-25 19:08:39', '1', '2019-02-26 00:08:39', NULL, '0'),
(51, 'FT-003', 1, '0', 'FALL THRU RED BACKED LM 12MM', '', '2019-02-25 19:08:59', '1', '2019-02-26 00:08:59', NULL, '0'),
(52, 'EFS-001', 1, '0', 'ECO FOAM SOAP DISPENSER', '', '2019-02-25 19:09:53', '1', '2019-02-26 00:09:53', NULL, '0'),
(53, 'EFS-002', 1, '0', 'ECO SMART FOAM', '', '2019-02-25 19:10:11', '1', '2019-02-26 00:10:11', NULL, '0'),
(54, 'EFS-003', 1, '0', 'ECO FOAM SOAP 650', '', '2019-02-25 19:28:22', '1', '2019-02-26 00:28:22', NULL, '0'),
(55, 'EFS-004', 1, '0', 'ECO FOAM CHROME COAT PLATED', '', '2019-02-25 19:28:42', '1', '2019-02-26 00:28:42', NULL, '0'),
(56, 'EFS-005', 1, '0', 'ECO AUTO SOAP', '', '2019-02-25 19:29:15', '1', '2019-02-26 00:29:15', NULL, '0'),
(57, 'ESC-001', 1, '0', 'ECO SEAT CLEANER', '', '2019-02-25 19:30:56', '1', '2019-02-26 00:30:56', NULL, '0'),
(58, 'EHS-001', 1, '0', 'ECO HAND SANITIZER', '', '2019-02-25 19:31:15', '1', '2019-02-26 00:31:15', NULL, '0'),
(59, 'EA-001', 1, '0', 'ECO AUTO FLUSH', '', '2019-02-25 19:31:31', '1', '2019-02-26 00:31:31', NULL, '0'),
(60, 'AF', 2, '1', 'AEROSOL ', '', '2019-02-25 19:38:09', '1', '2019-02-26 00:38:09', NULL, '0'),
(61, 'BF', 2, '1', 'PERFUME ', '', '2019-02-25 19:38:46', '1', '2019-02-26 00:38:46', NULL, '0'),
(62, 'CB', 2, '1', 'WATER BASE', '', '2019-02-25 19:40:15', '1', '2019-02-26 00:40:15', NULL, '0'),
(63, 'DF', 2, '1', 'HAND SOAP', '', '2019-02-25 19:40:41', '1', '2019-02-26 00:40:41', NULL, '0'),
(64, 'EF', 2, '1', 'SHAMPOO ', '', '2019-02-25 19:41:11', '1', '2019-02-26 00:41:11', NULL, '0'),
(65, 'F', 2, '1', 'SANITIZER  ', '', '2019-02-25 19:41:33', '1', '2019-02-26 00:41:33', NULL, '0'),
(66, 'G', 2, '1', 'SANITACT & SEAT CLEANER', '', '2019-02-25 19:42:15', '1', '2019-02-26 00:42:15', NULL, '0'),
(67, 'H', 2, '1', 'QC', '', '2019-02-25 19:42:35', '1', '2019-02-26 00:42:35', NULL, '0'),
(68, 'I', 2, '1', 'BATERAI', '', '2019-02-25 19:42:56', '1', '2019-02-26 00:42:56', NULL, '0'),
(69, 'J', 2, '1', 'TISSUE', '', '2019-02-25 19:43:23', '1', '2019-02-26 00:43:23', NULL, '0'),
(70, 'K', 2, '1', 'EMANATOR', '', '2019-02-25 19:43:56', '1', '2019-02-26 00:43:56', NULL, '0'),
(71, 'LCD-002', 1, '0', 'ECO AEROSOL MICROBUS LCD 6 CANS', '', '2019-03-01 02:22:19', '1', '2019-03-01 07:22:19', NULL, '0'),
(72, 'LCD-002A', 1, '0', 'ECO AEROSOL MICROBUS LCD 12 CANS', '', '2019-03-01 02:22:38', '1', '2019-03-01 07:22:38', NULL, '0'),
(73, 'EWB-001A', 1, '0', 'ECO WATER BASE 12 CANS', '', '2019-03-01 03:00:56', '1', '2019-03-01 08:00:56', NULL, '0'),
(74, 'DF-010', 2, '0', 'FOAM SOAP  ', '', '2019-03-01 03:13:15', '1', '2019-03-01 08:13:15', NULL, '0'),
(75, 'ESC-001', 2, '0', 'TOILET SEAT CLENER', '', '2019-03-01 03:18:43', '1', '2019-03-01 08:18:43', NULL, '0'),
(76, 'F-001', 2, '0', 'HAND SANITIZER  ', '', '2019-03-01 03:20:12', '1', '2019-03-01 08:20:12', NULL, '0'),
(77, 'LCD-007', 1, '0', 'ECO  INSECT KILLER 6 CAN', '', '2019-03-25 01:36:16', '1', '2019-03-25 05:36:16', NULL, '0'),
(78, 'LCD-008', 1, '0', 'ECO  INSECT KILLER 12 CAN', '', '2019-03-25 01:36:45', '1', '2019-03-25 05:36:45', NULL, '0'),
(79, 'ESC-002', 1, '0', 'ECO SCENT', '', '2019-04-07 11:51:01', '1', '2019-04-07 15:51:01', NULL, '0');

-- --------------------------------------------------------

--
-- Struktur dari tabel `product_package`
--

CREATE TABLE IF NOT EXISTS `product_package` (
  `package_id` int(11) NOT NULL AUTO_INCREMENT,
  `package_name` varchar(100) NOT NULL,
  `package_desc` text NOT NULL,
  `created_date` datetime NOT NULL,
  `created_by` int(11) NOT NULL,
  `updated_date` timestamp NOT NULL DEFAULT CURRENT_TIMESTAMP ON UPDATE CURRENT_TIMESTAMP,
  `updated_by` int(11) NOT NULL,
  `deleted` enum('0','1') NOT NULL DEFAULT '0',
  PRIMARY KEY (`package_id`)
) ENGINE=InnoDB  DEFAULT CHARSET=latin1 AUTO_INCREMENT=39 ;

--
-- Dumping data untuk tabel `product_package`
--

INSERT INTO `product_package` (`package_id`, `package_name`, `package_desc`, `created_date`, `created_by`, `updated_date`, `updated_by`, `deleted`) VALUES
(1, 'ECO SANITIZER MS 600', '<p><span style="font-size: 13px;">ECO SANITIZER MS 600</span></p>\n', '2019-02-27 03:28:53', 1, '2019-02-27 08:28:53', 0, '0'),
(2, 'ECO SANITIZER NEW', '<p><span style="font-size: 13px;">ECO SANITIZER NEW</span></p>\n', '2019-02-27 03:29:28', 1, '2019-02-27 08:29:28', 0, '0'),
(3, 'ECO DIGITAL SANITIZER NEW', '<p><span style="font-size: 13px;">ECO DIGITAL SANITIZER NEW</span></p>\n', '2019-02-27 03:34:55', 1, '2019-02-27 08:34:55', 0, '0'),
(4, 'ECO DIGITAL SANITIZER COAT PLATED', '<p><span style="font-size: 13px;">ECO DIGITAL SANITIZER COAT PLATED</span></p>\n', '2019-02-27 03:37:12', 1, '2019-02-27 08:37:12', 0, '0'),
(5, 'ECO DIGITAL SANITIZER WHITE', '<p><span style="font-size: 13px;">ECO DIGITAL SANITIZER WHITE</span></p>\n', '2019-02-27 03:41:01', 1, '2019-02-27 08:41:01', 0, '0'),
(6, 'ECO AIR FRESHENER', '<p><span style="font-size: 13px;">ECO AIR FRESHENER</span></p>\n', '2019-02-27 03:43:35', 1, '2019-02-27 08:43:35', 0, '0'),
(7, 'ECO AIR FRESHENER COAT PLATED', '<p><span style="font-size: 13px;">ECO AIR FRESHENER COAT PLATED</span></p>\n', '2019-02-27 03:45:06', 1, '2019-02-27 08:45:06', 0, '0'),
(8, 'ECO AIR FRESHENER AZ 1128', '<p><span style="font-size: 13px;">ECO AIR FRESHENER AZ 1128</span></p>\n', '2019-02-27 03:47:25', 1, '2019-02-27 08:47:25', 0, '0'),
(9, 'ECO AEROSOL LCD 6 CANS', '<p><span style="font-size: 13px;">ECO AEROSOL LCD 6 CANS</span></p>\n', '2019-03-01 02:06:28', 1, '2019-03-01 07:06:28', 0, '0'),
(10, 'ECO AEROSOL LCD 12 CANS', '<p><span style="font-size: 13px;">ECO AEROSOL LCD 12 CANS</span></p>\n', '2019-03-01 02:13:58', 1, '2019-03-01 07:16:11', 0, '1'),
(11, 'ECO AEROSOL LCD 12 CANS', '<p><span style="font-size: 13px;">ECO AEROSOL LCD 12 CANS</span></p>\n', '2019-03-01 02:19:07', 1, '2019-03-01 07:19:07', 0, '0'),
(12, 'ECO AEROSOL MICROBUS LCD 6 CANS', '<p><span style="font-size: 13px;">ECO AEROSOL MICROBUS LCD 6 CANS</span></p>\n', '2019-03-01 02:24:22', 1, '2019-03-01 07:24:22', 0, '0'),
(13, 'ECO AEROSOL MICROBUS LCD 12 CANS', '<p><span style="font-size: 13px;">ECO AEROSOL MICROBUS LCD 12 CANS</span></p>\n', '2019-03-01 02:25:19', 1, '2019-03-01 07:25:19', 0, '0'),
(14, 'ECO SOAP DISPENSER 800 ', '<p><span style="font-size: 13px;">ECO SOAP DISPENSER 800&nbsp;</span></p>\n', '2019-03-01 02:26:30', 1, '2019-03-01 07:26:30', 0, '0'),
(15, 'ECO SOAP DISPENSER 1000 ', '<p><span style="font-size: 13px;">ECO SOAP DISPENSER 1000&nbsp;</span></p>\n', '2019-03-01 02:29:47', 1, '2019-03-01 07:29:47', 0, '0'),
(16, 'ECO SMART SOAP', '<p><span style="font-size: 13px;">ECO SMART SOAP</span></p>\n', '2019-03-01 02:31:37', 1, '2019-03-01 07:31:37', 0, '0'),
(17, 'ECO SOAP DISPENSER DIGITAL', '<p><span style="font-size: 13px;">ECO SOAP DISPENSER DIGITAL</span></p>\n', '2019-03-01 02:35:03', 1, '2019-03-01 07:35:03', 0, '0'),
(18, 'ECO SOAP DISPENSER CROM / SILVER', '<p><span style="font-size: 13px;">ECO SOAP DISPENSER CROM / SILVER</span></p>\n', '2019-03-01 02:37:09', 1, '2019-03-01 07:37:09', 0, '0'),
(19, 'ECO SOAP DISPENSER BLOSOM', '<p><span style="font-size: 13px;">ECO SOAP DISPENSER BLOSOM</span></p>\n', '2019-03-01 02:37:54', 1, '2019-03-01 07:37:54', 0, '0'),
(20, 'ECO WATER BASE 6 CANS', '<p><span style="font-size: 13px;">ECO WATER BASE 6 CANS</span></p>\n', '2019-03-01 03:04:45', 1, '2019-03-01 08:04:45', 0, '0'),
(21, 'ECO WATER BASE 12 CANS', '<p><span style="font-size: 13px;">ECO WATER BASE 12 CANS</span></p>\n', '2019-03-01 03:06:04', 1, '2019-03-01 08:06:04', 0, '0'),
(22, 'ECO DIGITAL DISPENSER NEW ', '<p><span style="font-size: 13px;">ECO DIGITAL DISPENSER NEW 12 CANS</span></p>\n', '2019-03-01 03:10:49', 1, '2019-03-01 08:10:49', 0, '0'),
(23, 'ECO FOAM SOAP DISPENSER', '<p><span style="font-size: 13px;">ECO FOAM SOAP DISPENSER</span></p>\n', '2019-03-01 03:14:29', 1, '2019-03-01 08:14:29', 0, '0'),
(24, 'ECO SMART FOAM', '<p><span style="font-size: 13px;">ECO SMART FOAM</span></p>\n', '2019-03-01 03:15:08', 1, '2019-03-01 08:15:08', 0, '0'),
(25, 'ECO FOAM SOAP 650', '<p><span style="font-size: 13px;">ECO FOAM SOAP 650</span></p>\n', '2019-03-01 03:16:16', 1, '2019-03-01 08:16:16', 0, '0'),
(26, 'ECO FOAM CHROME COAT PLATED', '<p><span style="font-size: 13px;">ECO FOAM CHROME COAT PLATED</span></p>\n', '2019-03-01 03:17:30', 1, '2019-03-01 08:17:30', 0, '0'),
(27, 'ECO AUTO SOAP', '<p><span style="font-size: 13px;">ECO AUTO SOAP</span></p>\n', '2019-03-01 03:18:09', 1, '2019-03-01 08:18:09', 0, '0'),
(28, 'ECO SEAT CLEANER', '<p><span style="font-size: 13px;">ECO SEAT CLEANER</span></p>\n', '2019-03-01 03:19:33', 1, '2019-03-01 08:19:33', 0, '0'),
(29, 'ECO HAND SANITIZER', '<p><span style="font-size: 13px;">ECO HAND SANITIZER</span></p>\n', '2019-03-01 03:21:07', 1, '2019-03-01 08:21:07', 0, '0'),
(30, 'ECO  INSECT KILLER 6 CAN', '<p>ECO&nbsp; INSECT KILLER 6 CAN</p>\n', '2019-03-25 02:05:12', 1, '2019-03-25 06:05:12', 0, '0'),
(31, 'ECO  INSECT KILLER  12 CAN', '<p>ECO&nbsp; INSECT KILLER&nbsp; 12 CAN</p>\n', '2019-03-25 02:08:20', 1, '2019-03-25 06:08:59', 0, '1'),
(32, 'ECO  INSECT KILLER  12 CAN', '<p>ECO&nbsp; INSECT KILLER&nbsp; 12 CAN</p>\n', '2019-03-25 02:08:21', 1, '2019-03-25 06:08:21', 0, '0'),
(33, 'ECO TISSUE DISPENSER', '<p>ECO TISSUE DISPENSER</p>\n', '2019-03-26 01:56:03', 1, '2019-03-26 05:56:03', 0, '0'),
(34, 'ECO MULTIFOLD DISPENSER', '<p>ECO MULTIFOLD DISPENSER</p>\n', '2019-03-26 01:57:14', 1, '2019-03-26 05:57:14', 0, '0'),
(35, 'ECO TISSUE DISPENSER DIGITAL', '<p>ECO TISSUE DISPENSER DIGITAL</p>\n', '2019-03-26 01:57:55', 1, '2019-03-26 06:39:32', 0, '1'),
(36, 'ECO TISSUE DISPENSER DIGITAL', '<p>ECO TISSUE DISPENSER DIGITAL</p>\n', '2019-03-26 02:40:21', 1, '2019-03-26 06:40:21', 0, '0'),
(37, 'ECO SEAT CLEANER', '<p>ECO SEAT CLEANER</p>\n', '2019-03-27 04:02:15', 1, '2019-03-27 08:02:15', 0, '0'),
(38, 'ECO SCENT', '<p>ECO SCENT</p>\n', '2019-04-07 11:52:53', 1, '2019-04-07 15:52:53', 0, '0');

-- --------------------------------------------------------

--
-- Struktur dari tabel `product_package_detail`
--

CREATE TABLE IF NOT EXISTS `product_package_detail` (
  `package_detail_id` int(11) NOT NULL AUTO_INCREMENT,
  `package_id` int(11) NOT NULL,
  `product_id` int(11) NOT NULL,
  `product_qty` int(11) NOT NULL,
  `total_per_install` int(11) NOT NULL,
  `total_per_service` int(11) NOT NULL,
  `service_period` int(11) NOT NULL,
  `deleted` int(11) NOT NULL,
  PRIMARY KEY (`package_detail_id`)
) ENGINE=InnoDB  DEFAULT CHARSET=latin1 AUTO_INCREMENT=103 ;

--
-- Dumping data untuk tabel `product_package_detail`
--

INSERT INTO `product_package_detail` (`package_detail_id`, `package_id`, `product_id`, `product_qty`, `total_per_install`, `total_per_service`, `service_period`, `deleted`) VALUES
(1, 1, 1, 1, 1, 1, 12, 0),
(2, 1, 67, 12, 1, 1, 12, 0),
(3, 2, 2, 1, 1, 1, 12, 0),
(4, 2, 67, 12, 1, 1, 12, 0),
(5, 3, 3, 1, 1, 1, 12, 0),
(6, 3, 67, 6, 1, 1, 2, 0),
(7, 3, 68, 4, 2, 2, 6, 0),
(8, 4, 4, 1, 1, 1, 12, 0),
(9, 4, 67, 6, 2, 2, 2, 0),
(10, 4, 68, 6, 2, 2, 6, 0),
(11, 5, 5, 1, 1, 1, 12, 0),
(12, 5, 67, 6, 2, 2, 2, 0),
(13, 5, 68, 6, 2, 2, 6, 0),
(14, 6, 6, 1, 1, 1, 12, 0),
(15, 6, 61, 12, 1, 1, 12, 0),
(16, 6, 68, 6, 1, 1, 2, 0),
(17, 6, 70, 12, 1, 1, 12, 0),
(18, 6, 70, 12, 1, 1, 12, 0),
(19, 6, 70, 12, 1, 1, 12, 0),
(20, 7, 7, 1, 1, 1, 12, 0),
(21, 7, 61, 12, 1, 1, 12, 0),
(22, 7, 68, 6, 1, 1, 2, 0),
(23, 7, 70, 12, 1, 1, 12, 0),
(24, 7, 70, 12, 1, 1, 12, 0),
(25, 7, 70, 12, 1, 1, 12, 0),
(26, 8, 8, 1, 1, 1, 12, 0),
(27, 8, 61, 12, 1, 1, 12, 0),
(28, 8, 68, 6, 1, 1, 2, 0),
(29, 8, 70, 12, 1, 1, 12, 0),
(30, 8, 70, 12, 1, 1, 12, 0),
(31, 8, 70, 12, 1, 1, 12, 0),
(32, 9, 10, 1, 1, 1, 1, 0),
(33, 9, 60, 6, 1, 1, 2, 0),
(34, 9, 68, 4, 2, 2, 6, 0),
(35, 10, 11, 1, 1, 1, 12, 1),
(36, 10, 68, 4, 2, 2, 6, 1),
(37, 11, 11, 1, 1, 1, 1, 0),
(38, 11, 60, 12, 1, 1, 12, 0),
(39, 11, 68, 4, 2, 2, 6, 0),
(40, 12, 71, 1, 1, 1, 1, 0),
(41, 12, 60, 6, 2, 2, 2, 0),
(42, 12, 68, 6, 2, 2, 6, 0),
(43, 13, 72, 1, 1, 1, 1, 0),
(44, 13, 60, 12, 1, 1, 12, 0),
(45, 13, 68, 4, 2, 2, 6, 0),
(46, 14, 17, 1, 1, 1, 1, 0),
(47, 14, 63, 12, 1, 1, 12, 0),
(48, 15, 18, 1, 1, 1, 1, 0),
(49, 15, 63, 12, 1, 1, 12, 0),
(50, 16, 19, 1, 1, 1, 1, 0),
(51, 16, 63, 12, 1, 1, 12, 0),
(52, 17, 21, 1, 1, 1, 1, 0),
(53, 17, 63, 12, 1, 1, 12, 0),
(54, 17, 68, 12, 2, 2, 2, 0),
(55, 18, 22, 1, 1, 1, 1, 0),
(56, 18, 63, 12, 1, 1, 12, 0),
(57, 19, 23, 1, 1, 1, 1, 0),
(58, 19, 63, 12, 1, 1, 12, 0),
(59, 20, 24, 1, 1, 1, 1, 0),
(60, 20, 62, 6, 1, 1, 2, 0),
(61, 20, 68, 8, 4, 4, 6, 0),
(62, 21, 73, 1, 1, 1, 1, 0),
(63, 21, 62, 12, 1, 1, 12, 0),
(64, 21, 68, 8, 4, 4, 6, 0),
(65, 22, 35, 1, 1, 1, 1, 0),
(66, 22, 60, 12, 1, 1, 12, 0),
(67, 22, 68, 12, 2, 2, 2, 0),
(68, 23, 52, 1, 1, 1, 1, 0),
(69, 23, 74, 12, 1, 1, 12, 0),
(70, 24, 19, 1, 1, 1, 1, 0),
(71, 24, 74, 12, 1, 1, 12, 0),
(72, 25, 54, 1, 1, 1, 1, 0),
(73, 25, 74, 12, 1, 1, 12, 0),
(74, 26, 55, 1, 1, 1, 1, 0),
(75, 26, 74, 12, 1, 1, 12, 0),
(76, 27, 56, 1, 1, 1, 1, 0),
(77, 27, 74, 12, 1, 1, 12, 0),
(78, 28, 57, 1, 1, 1, 1, 0),
(79, 28, 75, 12, 1, 1, 12, 0),
(80, 29, 58, 1, 1, 1, 1, 0),
(81, 29, 76, 12, 1, 1, 12, 0),
(82, 30, 77, 1, 1, 1, 12, 0),
(83, 30, 60, 6, 1, 1, 2, 0),
(84, 30, 68, 4, 2, 2, 6, 0),
(85, 31, 78, 1, 1, 1, 12, 1),
(86, 31, 60, 12, 1, 1, 12, 1),
(87, 31, 68, 4, 2, 1, 6, 1),
(88, 32, 78, 1, 1, 1, 12, 0),
(89, 32, 60, 12, 1, 1, 12, 0),
(90, 32, 68, 4, 2, 2, 6, 0),
(91, 33, 40, 1, 1, 1, 12, 0),
(92, 33, 69, 12, 1, 1, 12, 0),
(93, 34, 39, 1, 1, 1, 12, 0),
(94, 34, 69, 24, 2, 2, 12, 0),
(95, 35, 41, 1, 1, 1, 12, 1),
(96, 35, 69, 12, 1, 1, 0, 1),
(97, 36, 41, 1, 1, 1, 12, 0),
(98, 36, 69, 12, 1, 1, 12, 0),
(99, 37, 57, 1, 1, 1, 12, 0),
(100, 37, 75, 12, 1, 1, 12, 0),
(101, 38, 79, 1, 1, 1, 12, 0),
(102, 38, 61, 12, 1, 1, 12, 0);

-- --------------------------------------------------------

--
-- Struktur dari tabel `teknisi_master`
--

CREATE TABLE IF NOT EXISTS `teknisi_master` (
  `teknisi_id` int(11) NOT NULL AUTO_INCREMENT,
  `branch_id` int(11) NOT NULL,
  `teknisi_type` enum('1','2') NOT NULL COMMENT '1= installer, 2=teknisi',
  `teknisi_name` varchar(200) NOT NULL,
  `teknisi_phone` varchar(100) NOT NULL,
  `teknisi_email` varchar(100) NOT NULL,
  `teknisi_address` text NOT NULL,
  `teknisi_lat` text NOT NULL,
  `teknisi_long` text NOT NULL,
  `teknisi_zoom` varchar(10) NOT NULL,
  `created_by` int(11) NOT NULL,
  `created_date` datetime NOT NULL,
  `update_by` int(11) NOT NULL,
  `update_date` timestamp NOT NULL DEFAULT CURRENT_TIMESTAMP ON UPDATE CURRENT_TIMESTAMP,
  `deleted` enum('0','1') NOT NULL,
  PRIMARY KEY (`teknisi_id`)
) ENGINE=InnoDB  DEFAULT CHARSET=latin1 AUTO_INCREMENT=6 ;

--
-- Dumping data untuk tabel `teknisi_master`
--

INSERT INTO `teknisi_master` (`teknisi_id`, `branch_id`, `teknisi_type`, `teknisi_name`, `teknisi_phone`, `teknisi_email`, `teknisi_address`, `teknisi_lat`, `teknisi_long`, `teknisi_zoom`, `created_by`, `created_date`, `update_by`, `update_date`, `deleted`) VALUES
(1, 1, '2', 'REZA', '(021) 2908 3438', 'Reza@ecocare.co.id', 'Cikarang', '-6.1864864', '106.83409110000002', '12', 1, '2019-03-27 00:12:12', 0, '2019-03-27 04:12:12', '0'),
(2, 1, '2', 'RIDWAN', '(021) 2908 3438', 'Ridwan@ecocare.co.id', 'Cikarang', '-6.1864864', '106.83409110000002', '12', 1, '2019-03-27 00:28:26', 0, '2019-03-27 04:28:26', '0'),
(3, 1, '2', 'TITO', '(021) 2908 3438', 'Tito@ecocare.co.id', 'Cikarang', '-6.1864864', '106.83409110000002', '12', 1, '2019-03-27 00:29:04', 0, '2019-03-27 04:29:04', '0'),
(4, 1, '1', 'IWAN', '(021) 2908 3438', 'iwan@rcocare.co.id', 'Cikarang', '-6.1864864', '106.83409110000002', '12', 1, '2019-03-27 07:44:38', 0, '2019-03-27 11:44:38', '0'),
(5, 1, '2', 'YUNI', '(021) 2908 3438', 'yuni@ecocare.co.id', 'Cikarang', '-6.1864864', '106.83409110000002', '12', 1, '2019-03-27 00:30:08', 0, '2019-03-27 04:30:08', '0');

-- --------------------------------------------------------

--
-- Struktur dari tabel `user_group`
--

CREATE TABLE IF NOT EXISTS `user_group` (
  `user_group_id` int(5) NOT NULL AUTO_INCREMENT,
  `user_group_name` text NOT NULL,
  `user_group_desc` text NOT NULL,
  `created_date` datetime NOT NULL,
  `created_by` int(5) NOT NULL,
  `updated_date` timestamp NOT NULL DEFAULT CURRENT_TIMESTAMP ON UPDATE CURRENT_TIMESTAMP,
  `updated_by` int(5) NOT NULL,
  `deleted` enum('0','1') NOT NULL DEFAULT '0',
  PRIMARY KEY (`user_group_id`)
) ENGINE=MyISAM  DEFAULT CHARSET=latin1 AUTO_INCREMENT=3 ;

--
-- Dumping data untuk tabel `user_group`
--

INSERT INTO `user_group` (`user_group_id`, `user_group_name`, `user_group_desc`, `created_date`, `created_by`, `updated_date`, `updated_by`, `deleted`) VALUES
(1, 'Super Admin', 'This Group Menu for Super Admin2', '2014-02-04 16:02:13', 1, '2014-02-04 08:02:13', 0, '0'),
(2, 'Admin', 'This Group Menu for Admin', '2014-01-13 00:00:00', 0, '2014-01-13 07:53:12', 0, '0');

-- --------------------------------------------------------

--
-- Struktur dari tabel `user_privileges`
--

CREATE TABLE IF NOT EXISTS `user_privileges` (
  `user_privileges_id` int(5) NOT NULL AUTO_INCREMENT,
  `menu_id` int(5) NOT NULL,
  `menu_view` enum('0','1') DEFAULT '0',
  `menu_add` enum('0','1') DEFAULT '0',
  `menu_edit` enum('0','1') DEFAULT '0',
  `menu_delete` enum('0','1') DEFAULT '0',
  `menu_other` enum('0','1') DEFAULT '0',
  `user_group_id` int(5) NOT NULL,
  `created_date` datetime NOT NULL,
  `created_by` int(5) NOT NULL,
  `updated_date` timestamp NOT NULL DEFAULT CURRENT_TIMESTAMP ON UPDATE CURRENT_TIMESTAMP,
  `updated_by` int(5) NOT NULL,
  `deleted` enum('0','1') NOT NULL DEFAULT '0',
  PRIMARY KEY (`user_privileges_id`)
) ENGINE=MyISAM  DEFAULT CHARSET=latin1 AUTO_INCREMENT=112 ;

--
-- Dumping data untuk tabel `user_privileges`
--

INSERT INTO `user_privileges` (`user_privileges_id`, `menu_id`, `menu_view`, `menu_add`, `menu_edit`, `menu_delete`, `menu_other`, `user_group_id`, `created_date`, `created_by`, `updated_date`, `updated_by`, `deleted`) VALUES
(1, 1, '0', '1', '1', '1', '1', 1, '2014-08-20 00:35:37', 1, '2019-02-24 14:22:25', 1, '0'),
(2, 2, '1', '1', '1', '1', '1', 1, '2014-08-20 00:35:37', 1, '2019-02-24 14:22:25', 1, '0'),
(3, 3, '1', '1', '1', '1', '1', 1, '2014-08-20 00:35:37', 1, '2019-02-24 14:22:25', 1, '0'),
(60, 2, '1', '1', '1', '1', '1', 2, '2014-08-20 00:36:14', 1, '2016-05-02 21:58:46', 1, '0'),
(61, 3, '1', '0', '0', '0', '0', 2, '2014-08-20 00:36:14', 1, '2016-05-02 21:58:46', 1, '0'),
(62, 1, '1', '1', '1', '1', '1', 2, '2014-08-20 00:36:14', 1, '2016-05-02 21:58:46', 1, '0'),
(63, 7, '1', '1', '1', '1', '1', 1, '2014-08-20 02:22:37', 1, '2019-02-24 14:22:25', 1, '0'),
(64, 4, '1', '1', '1', '1', '1', 1, '2015-01-10 15:43:28', 1, '2019-02-24 14:22:25', 1, '0'),
(65, 5, '1', '1', '1', '1', '1', 1, '2015-01-10 15:43:28', 1, '2019-02-24 14:22:25', 1, '0'),
(66, 6, '1', '1', '1', '1', '1', 1, '2015-01-10 15:43:28', 1, '2019-02-24 14:22:25', 1, '0'),
(67, 8, '1', '1', '1', '1', '1', 1, '2015-01-10 15:43:28', 1, '2019-02-24 14:22:25', 1, '0'),
(68, 9, '1', '1', '1', '1', '1', 1, '2014-08-22 00:38:37', 1, '2019-02-24 14:22:25', 1, '0'),
(69, 10, '1', '1', '1', '1', '1', 1, '2015-01-10 15:43:28', 1, '2019-02-24 14:22:25', 1, '0'),
(70, 11, '1', '1', '1', '1', '1', 1, '2015-01-10 15:43:28', 1, '2019-02-24 14:22:25', 1, '0'),
(71, 12, '1', '1', '1', '1', '1', 1, '2014-12-08 17:14:51', 1, '2019-02-24 14:22:25', 1, '0'),
(72, 13, '1', '1', '1', '1', '1', 1, '2014-12-23 19:17:16', 1, '2019-02-24 14:22:25', 1, '0'),
(73, 14, '1', '1', '1', '1', '1', 1, '2014-12-23 19:17:16', 1, '2019-02-24 14:22:25', 1, '0'),
(74, 15, '1', '1', '1', '1', '1', 1, '2014-12-23 19:17:16', 1, '2019-02-24 14:22:25', 1, '0'),
(75, 16, '1', '1', '1', '1', '1', 1, '2015-01-10 15:43:28', 1, '2019-02-24 14:22:25', 1, '0'),
(76, 17, '1', '1', '1', '1', '1', 1, '2014-12-23 20:32:49', 1, '2019-02-24 14:22:25', 1, '0'),
(77, 18, '1', '1', '1', '1', '1', 1, '2015-01-10 15:43:28', 1, '2019-02-24 14:22:25', 1, '0'),
(78, 19, '1', '1', '1', '1', '1', 1, '2015-01-10 15:43:28', 1, '2019-02-24 14:22:25', 1, '0'),
(79, 20, '1', '1', '1', '1', '1', 1, '2015-01-10 15:43:28', 1, '2019-02-24 14:22:25', 1, '0'),
(80, 21, '1', '1', '1', '1', '1', 1, '2015-03-05 16:39:32', 1, '2019-02-24 14:22:25', 1, '0'),
(81, 22, '1', '1', '1', '1', '1', 1, '2015-03-05 16:39:32', 1, '2019-02-24 14:22:25', 1, '0'),
(82, 23, '1', '1', '1', '1', '1', 1, '2015-03-05 16:39:32', 1, '2019-02-24 14:22:25', 1, '0'),
(83, 24, '1', '1', '1', '1', '1', 1, '2015-03-11 10:12:17', 1, '2019-02-24 14:22:25', 1, '0'),
(84, 25, '1', '1', '1', '1', '1', 1, '2015-04-09 09:47:43', 1, '2019-02-24 14:22:25', 1, '0'),
(85, 26, '1', '0', '0', '0', '0', 1, '2015-04-09 09:47:43', 1, '2019-02-24 14:22:25', 1, '0'),
(86, 27, '1', '0', '0', '0', '0', 1, '2015-04-09 09:47:43', 1, '2019-02-24 14:22:25', 1, '0'),
(87, 28, '1', '0', '0', '0', '0', 1, '2015-04-09 09:47:43', 1, '2019-02-24 14:22:25', 1, '0'),
(88, 29, '1', '0', '0', '0', '0', 1, '2015-04-09 09:47:43', 1, '2019-02-24 14:22:25', 1, '0'),
(89, 30, '0', '1', '1', '1', '1', 1, '2015-04-09 09:47:43', 1, '2015-05-27 18:18:30', 1, '0'),
(90, 31, '1', '1', '1', '1', '1', 1, '2015-04-09 09:47:43', 1, '2017-03-02 22:11:43', 1, '0'),
(91, 32, '1', '0', '1', '0', '0', 1, '2015-04-30 02:33:26', 1, '2017-03-02 22:11:43', 1, '0'),
(92, 33, '1', '0', '1', '0', '0', 1, '2015-04-30 02:33:26', 1, '2017-03-02 22:11:43', 1, '0'),
(93, 34, '1', '0', '1', '0', '0', 1, '2015-04-30 03:18:07', 1, '2017-03-02 22:11:43', 1, '0'),
(94, 35, '0', '0', '1', '0', '0', 1, '2015-04-30 03:18:07', 1, '2017-03-02 22:11:43', 1, '0'),
(95, 36, '0', '1', '1', '1', '0', 1, '2015-04-30 03:59:06', 1, '2017-03-02 22:11:43', 1, '0'),
(96, 37, '1', '1', '1', '1', '0', 1, '2015-05-02 11:24:50', 1, '2017-03-02 22:11:43', 1, '0'),
(97, 38, '1', '1', '1', '1', '0', 1, '2015-04-30 07:34:19', 1, '2017-03-02 22:11:43', 1, '0'),
(98, 39, '0', '0', '1', '0', '0', 1, '2015-05-02 11:24:50', 1, '2017-03-02 22:11:43', 1, '0'),
(99, 40, '1', '1', '1', '1', '0', 1, '2015-05-05 10:51:34', 1, '2015-05-11 01:52:17', 1, '0'),
(100, 43, '1', '1', '1', '1', '0', 1, '2015-05-05 11:14:09', 1, '2015-05-11 01:52:17', 1, '0'),
(101, 16, '0', '0', '0', '0', '0', 2, '2016-05-03 04:58:27', 1, '2016-05-02 21:58:46', 1, '0'),
(102, 32, '0', '0', '0', '0', '0', 2, '2016-05-03 04:58:27', 1, '2016-05-02 21:58:46', 1, '0'),
(103, 33, '0', '0', '0', '0', '0', 2, '2016-05-03 04:58:27', 1, '2016-05-02 21:58:46', 1, '0'),
(104, 34, '0', '0', '0', '0', '0', 2, '2016-05-03 04:58:27', 1, '2016-05-02 21:58:46', 1, '0'),
(105, 35, '0', '0', '0', '0', '0', 2, '2016-05-03 04:58:27', 1, '2016-05-02 21:58:46', 1, '0'),
(106, 36, '0', '0', '0', '0', '0', 2, '2016-05-03 04:58:27', 1, '2016-05-02 21:58:46', 1, '0'),
(107, 38, '0', '0', '0', '0', '0', 2, '2016-05-03 04:58:27', 1, '2016-05-02 21:58:46', 1, '0'),
(108, 39, '0', '0', '0', '0', '0', 2, '2016-05-03 04:58:27', 1, '2016-05-02 21:58:46', 1, '0'),
(109, 31, '0', '0', '0', '0', '0', 2, '2016-05-03 04:58:27', 1, '2016-05-02 21:58:46', 1, '0'),
(110, 37, '0', '0', '0', '0', '0', 2, '2016-05-03 04:58:27', 1, '2016-05-02 21:58:46', 1, '0'),
(111, 44, '1', '0', '0', '0', '0', 1, '2016-05-12 08:15:05', 1, '2016-05-12 01:15:05', 1, '0');

/*!40101 SET CHARACTER_SET_CLIENT=@OLD_CHARACTER_SET_CLIENT */;
/*!40101 SET CHARACTER_SET_RESULTS=@OLD_CHARACTER_SET_RESULTS */;
/*!40101 SET COLLATION_CONNECTION=@OLD_COLLATION_CONNECTION */;
